#{"t_start": 1765400232.2983773, "env_id": "NarrowLaneSafeChange-v0"}
r,l,t724.666667,73,71.275197
20.666667,61,72.151967
24.0,71,73.099421
10.0,29,73.478632
19.666667,46,74.108222
15.666667,46,74.700354
25.666667,76,75.716751
18.0,53,76.43609
29.333333,87,77.660811
27.666667,82,78.80644
13.0,38,148.454282
16.333333,44,149.040248
25.0,68,149.953243
16.333333,48,150.621283
16.666667,49,151.294907
39.333333,109,152.630219
19.333333,53,153.36386
19.666667,38,153.848713
40.0,103,155.246331
13.0,38,155.737066
23.333333,63,225.800077
20.333333,60,226.606831
52.333333,142,228.478564
42.0,113,229.926647
64.0,160,232.039094
13.0,36,232.536678
18.333333,50,233.195039
29.0,78,234.243582
13.666667,38,234.741341
18.0,51,235.415648
64.0,160,315.086182
15.666667,44,315.677902
37.0,82,316.750308
32.333333,84,317.905838
29.0,78,318.950688
40.666667,103,320.368633
50.666667,97,321.62964
39.0,90,322.827105
78.0,160,324.97582
11.0,30,325.382909
42.0,95,396.634128
73.0,132,398.458996
29.0,60,399.226784
41.666667,72,400.229391
90.0,160,402.219661
18.666667,35,402.695298
16.0,41,403.25412
46.0,99,404.617591
27.0,46,405.233719
71.333333,160,407.371115
43.0,102,477.319779
62.666667,129,479.018435
82.0,160,481.1537
30.333333,76,482.137797
43.333333,79,483.127576
15.333333,31,483.539591
35.0,78,484.576962
62.666667,109,486.147772
37.666667,86,487.303066
16.666667,31,487.732154
12.333333,30,564.932524
42.0,83,566.302219
6.0,11,566.53044
39.0,74,567.674565
84.0,160,570.463246
14.0,31,570.945637
56.666667,97,572.490326
95.333333,160,574.815114
39.0,70,575.886511
21.0,44,576.510089
27.0,48,661.987507
41.333333,91,663.610271
96.0,160,666.360542
52.333333,98,668.178505
71.0,124,670.17979
81.333333,160,672.835895
14.666667,33,673.374744
86.666667,160,675.87452
55.333333,103,677.61539
51.0,92,678.991969
69.666667,120,766.441196
82.0,159,769.039786
39.666667,72,770.201476
47.333333,89,771.750085
47.666667,80,773.073207
55.333333,103,774.734659
96.0,160,777.278811
89.333333,160,780.041482
103.333333,160,782.614938
89.333333,160,785.092897
55.666667,92,871.911213
95.333333,160,874.523339
46.333333,80,875.796229
14.666667,27,876.315657
102.666667,160,878.870549
92.666667,160,881.618017
94.0,160,884.291886
59.666667,110,886.075479
31.0,48,886.799263
94.0,160,889.389118
10.0,27,975.02347
86.666667,160,977.671047
41.0,64,978.820502
50.333333,84,980.347351
49.666667,92,981.947806
83.333333,160,984.745115
23.0,58,985.752814
22.666667,43,986.44056
39.0,72,987.675308
45.0,80,989.014792
35.333333,53,1074.240018
57.0,88,1075.656091
40.333333,68,1076.573264
53.333333,101,1078.367125
15.333333,33,1078.934782
54.333333,100,1080.687906
56.0,99,1082.352956
9.666667,20,1082.733391
44.333333,82,1084.135641
17.666667,38,1084.755148
96.0,160,1172.444414
71.666667,114,1174.362762
91.333333,160,1176.926491
59.666667,100,1178.648654
13.666667,22,1179.058709
91.333333,160,1181.699745
69.0,108,1183.577638
96.0,160,1186.298659
98.666667,160,1188.831024
10.333333,24,1189.19061
61.666667,102,1276.738257
9.666667,20,1277.063
6.0,9,1277.191304
12.333333,22,1277.549057
61.0,96,1279.167631
11.666667,26,1279.528243
42.333333,70,1280.693248
58.0,95,1282.363589
10.666667,21,1282.641022
90.666667,160,1285.183944
82.0,160,1373.944677
83.333333,133,1376.045022
96.666667,160,1378.632864
55.666667,96,1380.259574
92.0,160,1382.783752
14.666667,33,1383.409981
38.666667,69,1384.562967
43.333333,87,1386.056399
42.666667,63,1387.174046
98.0,147,1389.539448
51.333333,97,1477.290143
89.333333,160,1479.911614
91.333333,160,1482.599786
48.666667,75,1483.910954
95.333333,160,1486.386651
97.333333,160,1489.049292
33.0,66,1490.179968
85.333333,160,1492.847649
30.666667,65,1493.99272
46.0,77,1495.262884
93.333333,160,1583.299441
2.333333,6,1583.403198
15.333333,23,1583.770959
96.0,160,1586.227699
41.666667,80,1587.578024
37.666667,60,1588.632539
28.333333,54,1589.454122
35.666667,64,1590.551675
55.0,94,1592.266265
98.0,160,1594.758757
84.666667,160,1683.717056
31.666667,58,1684.679701
88.666667,160,1687.23348
61.0,92,1688.779764
29.0,48,1689.519429
6.0,9,1689.628353
5.0,8,1689.727482
95.333333,160,1692.558622
92.0,160,1695.214866
75.333333,127,1697.277058
98.666667,160,1784.293397
84.0,160,1786.462103
100.0,160,1788.500721
55.333333,93,1789.80522
47.0,68,1790.704166
58.666667,97,1791.990219
92.0,160,1794.214978
62.0,95,1795.49599
78.666667,149,1797.464577
10.333333,20,1797.741153
34.333333,70,1868.901831
25.666667,48,1869.63729
66.666667,129,1871.46517
95.333333,160,1873.652876
6.333333,10,1873.785992
8.333333,24,1874.108542
35.333333,61,1874.963504
55.333333,93,1876.255591
78.666667,131,1877.935459
56.666667,109,1879.407528
62.666667,111,1953.080812
90.666667,160,1955.255956
41.666667,70,1956.246
90.666667,160,1958.440505
23.0,44,1959.051655
84.666667,160,1961.292104
15.0,22,1961.591018
94.666667,160,1963.827243
93.333333,160,1966.041739
29.0,44,1966.659259
91.333333,160,2040.05711
52.666667,89,2041.271093
96.666667,160,2043.302063
92.666667,160,2045.497584
11.666667,22,2045.792502
72.333333,120,2047.312903
92.0,160,2049.444668
15.333333,29,2049.820835
96.666667,160,2051.866935
28.0,49,2052.507937
48.333333,80,2124.146193
31.0,52,2124.875245
39.0,82,2125.865491
46.666667,73,2126.818239
16.666667,27,2127.187837
26.666667,51,2127.847501
28.0,67,2128.733322
100.0,160,2130.763809
32.333333,50,2131.430914
97.333333,160,2133.506345
14.333333,24,2216.381445
98.666667,160,2219.064314
24.333333,36,2219.66137
47.666667,74,2220.843022
28.666667,53,2221.712569
27.666667,52,2222.616968
38.0,65,2223.791641
86.0,133,2225.873167
78.333333,142,2228.430815
90.0,160,2231.039934
1.666667,4,2317.458581
28.0,43,2318.188937
47.333333,69,2319.358092
18.333333,28,2319.871238
104.666667,160,2322.583936
90.666667,160,2325.215374
94.0,160,2327.786977
98.0,160,2330.381148
58.333333,92,2331.946134
100.0,160,2334.218636
45.0,68,2406.876545
51.333333,89,2408.113185
22.333333,48,2408.799536
68.666667,117,2410.442838
96.666667,160,2412.665492
66.0,103,2414.078082
94.0,160,2416.244593
92.0,160,2418.420792
99.333333,160,2420.628366
104.0,160,2422.806537
109.333333,160,2495.703908
5.0,8,2495.812993
99.333333,160,2497.959137
84.0,125,2499.608632
52.666667,87,2500.85047
96.0,160,2503.053458
44.666667,69,2503.983091
46.0,67,2504.898222
52.666667,87,2506.156113
57.333333,87,2507.226325
30.0,49,2580.108616
96.0,159,2582.385809
99.333333,160,2584.329665
105.333333,160,2586.514745
98.666667,160,2588.699234
75.333333,119,2590.450191
93.333333,160,2592.68442
75.333333,107,2594.117748
18.666667,33,2594.539644
51.333333,85,2595.72834
95.333333,160,2669.359818
69.0,102,2671.059977
13.0,30,2671.621495
87.333333,160,2674.229673
29.666667,48,2675.024278
3.333333,5,2675.102267
39.666667,76,2676.359298
32.666667,57,2677.390916
102.0,160,2680.029203
30.0,55,2681.002672
98.666667,160,2761.863474
99.333333,160,2764.033053
67.0,118,2765.679515
50.0,85,2766.878378
34.333333,58,2767.750221
18.666667,37,2768.283007
23.666667,38,2768.796419
95.333333,160,2770.843185
17.0,26,2771.196051
29.0,54,2771.952639
54.666667,87,2844.224963
80.0,131,2846.00508
104.0,160,2848.229075
28.666667,47,2848.901145
94.666667,160,2851.095249
92.0,160,2853.101416
28.666667,41,2853.672169
46.666667,77,2854.713759
23.0,52,2855.421305
67.333333,109,2856.910938
35.666667,58,2929.92691
77.666667,112,2931.505749
87.666667,142,2933.499397
101.333333,160,2935.760401
107.333333,160,2937.843951
67.333333,123,2939.479067
19.333333,33,2939.955051
27.666667,50,2940.685534
71.333333,113,2942.255513
39.0,62,2943.097843
63.333333,107,3015.758236
29.333333,47,3016.399658
90.333333,148,3018.445493
32.666667,49,3019.160479
107.666667,160,3021.19144
99.333333,160,3023.428216
49.0,82,3024.578003
98.666667,160,3026.428681
33.666667,54,3027.177639
49.666667,80,3028.195712
21.666667,48,3103.831213
94.0,160,3105.994862
101.333333,160,3108.244289
97.333333,160,3110.5244
102.666667,160,3112.691183
1.0,2,3112.724273
97.333333,160,3114.89729
98.0,160,3117.048223
78.333333,142,3119.001704
6.0,9,3119.124513
97.333333,153,3192.762759
100.666667,160,3194.918494
99.333333,160,3197.008726
98.666667,160,3199.201003
105.333333,160,3201.233708
94.666667,160,3203.492572
68.0,107,3204.986729
28.0,53,3205.721795
41.333333,63,3206.576175
25.0,38,3207.118249
23.666667,36,3278.851177
41.333333,59,3279.63707
97.333333,160,3281.85551
99.333333,160,3284.033948
96.666667,160,3286.250383
72.0,115,3287.855636
22.333333,36,3288.372421
58.333333,100,3289.749445
12.0,25,3290.097889
10.0,21,3290.388742
59.666667,94,3362.969796
45.666667,74,3363.988265
62.666667,93,3365.205385
66.666667,109,3366.729919
106.0,160,3368.983463
35.0,54,3369.792304
35.333333,59,3370.673627
14.333333,22,3370.981169
102.0,160,3373.299001
97.333333,160,3375.683464
98.666667,160,3464.000394
100.666667,160,3467.01187
101.333333,160,3469.982749
100.666667,160,3473.188259
36.0,55,3474.322233
38.333333,58,3475.495233
80.333333,128,3478.05318
49.0,74,3479.843631
60.0,99,3481.577199
98.0,160,3485.005258
99.333333,160,3603.553527
53.0,92,3605.358418
47.333333,81,3606.881099
100.0,160,3609.956315
26.333333,42,3610.622221
83.0,134,3613.035487
17.0,30,3613.5542
45.333333,67,3614.818301
98.666667,160,3617.48306
94.0,160,3620.22245
106.0,160,3723.858149
8.0,13,3724.184963
94.0,160,3727.94611
97.333333,160,3731.065433
51.333333,79,3732.714573
96.0,160,3735.740484
96.666667,160,3739.089525
26.333333,46,3740.11243
59.0,98,3742.182475
67.333333,109,3744.524899
31.333333,53,3844.187404
83.333333,149,3846.425194
36.333333,70,3847.486347
35.666667,58,3848.327594
26.666667,37,3848.859429
16.333333,36,3849.35449
98.666667,160,3851.68676
41.0,58,3852.530753
23.0,32,3852.985488
100.666667,160,3855.262661
47.0,72,3936.602209
100.0,153,3939.400413
23.0,48,3940.285986
5.0,8,3940.4417
40.666667,65,3941.624011
64.333333,92,3943.292217
55.0,84,3944.76162
27.666667,54,3945.742058
100.0,160,3948.657083
92.666667,160,3951.697037
53.0,86,4055.795701
43.333333,81,4057.086886
88.0,160,4059.497632
63.333333,109,4061.185096
92.666667,160,4063.583884
96.666667,160,4065.965449
55.333333,81,4067.154212
54.333333,88,4068.401334
43.333333,71,4069.48728
102.666667,160,4071.829562
97.333333,160,4152.914614
96.666667,160,4155.333165
61.0,98,4156.930437
91.333333,160,4159.793374
26.333333,50,4160.626513
62.333333,98,4162.271091
100.666667,160,4164.943692
96.0,160,4167.622917
98.666667,160,4170.208905
21.0,40,4170.893304
40.333333,68,4271.987994
95.333333,160,4274.824047
99.333333,160,4277.472503
96.0,160,4280.005859
37.666667,68,4281.172602
98.666667,160,4283.545678
84.0,123,4285.782867
100.666667,160,4288.737652
7.0,16,4289.039928
100.666667,160,4291.806552
96.666667,160,4390.269256
15.333333,25,4390.838529
99.333333,160,4393.755345
62.0,113,4396.080156
19.666667,32,4396.760885
40.333333,80,4398.502841
58.333333,98,4400.474649
89.333333,160,4403.823024
18.0,33,4404.491367
38.333333,70,4406.009665
90.666667,160,4508.771772
53.333333,87,4510.074656
23.666667,38,4510.632555
17.666667,30,4511.061164
53.333333,87,4512.34472
40.0,77,4513.458858
94.666667,160,4515.761088
79.0,130,4517.533145
96.0,160,4519.65893
59.0,108,4521.255982
33.0,50,4603.461123
98.0,160,4606.264888
39.0,64,4607.367977
97.333333,160,4610.214828
13.333333,23,4610.619458
102.666667,160,4613.537458
53.333333,83,4615.102783
45.0,72,4616.359008
94.0,160,4619.334857
102.0,160,4622.37684
90.666667,160,4712.388052
11.0,24,4712.752214
103.333333,160,4715.057119
98.666667,160,4717.389292
9.333333,17,4717.629159
62.0,101,4719.08627
64.333333,106,4720.571266
98.0,160,4722.839673
89.333333,145,4724.963802
101.333333,160,4727.251843
62.666667,107,4824.354749
59.666667,102,4826.281122
98.666667,160,4829.311095
94.666667,160,4832.63711
100.0,160,4836.090048
45.0,84,4837.778163
61.666667,102,4839.919738
26.666667,39,4840.745125
104.666667,160,4843.866066
95.333333,160,4847.107681
36,344.548362
28.0,65,345.382469
8.666667,19,345.647588
33.666667,68,346.624492
16.333333,40,347.178001
30.333333,70,348.17118
17.0,46,348.791802
40.0,97,350.098316
27.0,62,350.960603
8.666667,21,351.248908
31.333333,67,352.168264
28.333333,72,353.130707
8.333333,20,353.418441
15.0,38,353.938401
10.333333,20,354.198605
3.333333,9,354.342367
21.333333,47,354.994673
11.0,22,355.309769
18.666667,45,355.9497
22.0,47,356.621754
8.666667,17,356.845425
29.333333,63,357.723804
23.666667,48,358.364771
42.666667,91,359.582051
29.333333,69,360.495146
6.333333,12,361.101899
32.666667,67,362.022922
24.333333,56,362.797697
42.333333,90,364.07417
18.333333,42,364.644207
43.0,98,365.991517
16.666667,43,366.56435
9.666667,20,366.860206
27.666667,60,367.673977
7.0,14,367.861819
17.333333,37,368.358068
35.666667,86,369.502464
37.0,80,370.570059
17.666667,32,371.035375
40.666667,89,372.247773
41.333333,91,373.522186
44.0,97,374.828773
74.0,160,376.965012
35.0,76,378.017141
29.0,72,378.965917
47.333333,95,380.272329
1.333333,3,380.31692
31.333333,71,381.281668
14.333333,30,381.687381
24.0,49,382.381099
13.333333,31,382.806498
3.666667,8,382.927381
41.0,78,384.011987
5.333333,13,384.197002
71.333333,160,386.397438
21.0,44,387.017869
12.0,23,387.345764
31.666667,78,388.361836
42.666667,81,389.901637
17.333333,43,390.548246
41.333333,95,391.88989
1.0,2,391.925808
31.666667,54,392.632307
36.666667,79,393.774095
20.333333,44,394.378855
37.333333,65,395.164739
23.0,44,407.894672
9.333333,19,408.17351
25.666667,62,408.990554
68.0,160,411.173782
31.333333,77,412.25633
12.0,29,412.6651
53.666667,112,414.132867
12.666667,23,414.441931
38.0,73,415.420952
21.333333,47,416.086954
16.333333,36,416.604397
75.666667,144,418.534918
40.666667,95,419.868246
14.666667,29,420.227855
36.0,83,421.361837
36.333333,84,422.498528
14.666667,25,422.835853
71.666667,144,424.814431
34.0,63,425.694662
4.333333,10,425.834994
13.333333,33,426.287437
35.666667,64,427.11695
17.333333,41,427.668752
25.333333,55,428.389087
81.666667,160,430.84101
20.666667,39,431.41293
77.333333,160,433.567422
20.333333,44,434.159031
40.666667,85,435.271889
19.333333,45,435.850599
35.0,72,436.842373
21.666667,50,437.481608
1.333333,3,437.53339
30.333333,64,438.364263
78.666667,160,440.554214
28.333333,52,441.200795
41.666667,76,442.227045
37.666667,68,443.149821
39.333333,81,444.278273
14.333333,30,444.700507
45.0,92,445.934984
31.333333,57,446.690245
18.0,33,447.163441
39.333333,83,448.299402
9.0,16,448.526456
10.666667,21,448.82329
4.333333,8,448.934638
4.333333,10,449.082777
38.666667,77,450.123595
28.333333,52,450.832819
26.666667,57,451.5984
11.0,22,451.900584
73.0,150,453.886883
20.666667,43,454.502579
15.0,32,454.934846
11.0,22,455.249406
4.0,9,455.361938
57.0,120,457.007753
10.666667,21,457.291469
6.666667,13,457.476552
31.0,62,458.80573
9.333333,19,459.051813
27.0,58,459.853885
19.0,42,460.369077
39.666667,76,461.402831
20.0,45,462.008223
10.666667,23,462.300591
27.0,54,463.054702
27.666667,52,463.732146
51.666667,90,464.921776
18.666667,37,465.434607
0.666667,3,465.483792
10.666667,21,465.771079
39.333333,89,466.958693
28.666667,57,467.745895
78.0,160,469.933779
57.333333,113,471.432134
10.666667,25,471.769527
41.333333,73,472.730245
4.666667,11,472.879581
48.666667,107,474.348459
57.0,116,475.913366
3.0,6,487.866855
45.0,96,489.160037
24.333333,54,489.941832
79.333333,160,491.962934
5.0,8,492.07864
25.666667,44,492.610048
18.666667,41,493.174365
32.333333,70,494.110389
2.666667,5,494.188517
52.0,117,495.751036
33.333333,75,496.702278
42.0,77,498.289857
22.0,49,498.971476
6.0,13,499.143197
21.333333,45,499.751804
9.666667,22,500.069735
27.0,50,500.721282
41.0,94,502.01856
37.333333,81,503.074449
5.0,10,503.217797
16.666667,31,503.6409
12.666667,25,503.993871
13.0,24,504.287169
16.666667,33,504.736173
17.0,32,505.196379
32.0,53,505.933546
17.333333,37,506.435702
16.333333,38,506.975256
10.666667,17,507.213375
35.666667,80,508.325866
0.666667,3,508.368385
82.666667,160,510.506515
51.666667,108,511.969432
14.666667,29,512.382494
32.666667,63,513.271656
41.333333,89,514.519478
24.0,55,515.29973
42.333333,78,516.363628
10.333333,18,516.603676
12.333333,24,516.946942
4.666667,13,517.158319
6.0,13,517.330017
28.333333,52,518.065214
40.666667,81,519.162271
55.333333,115,520.771013
27.333333,57,521.529775
5.0,12,521.724701
4.666667,11,521.895017
6.333333,14,522.095962
30.333333,66,522.982803
7.0,14,523.180623
47.0,84,524.35771
82.666667,160,527.153926
34.333333,74,528.34815
31.666667,68,529.526941
7.333333,15,529.736198
43.0,88,531.265021
23.666667,42,531.987324
84.333333,158,534.62424
83.333333,160,537.3809
14.333333,28,537.921695
40.0,73,539.175074
54.0,107,540.939315
76.0,160,543.537664
9.333333,15,543.808823
11.0,18,544.112751
6.333333,12,544.326546
25.333333,47,545.142634
17.666667,32,545.635191
32.333333,62,546.706391
35.0,70,547.87642
82.0,160,550.55863
3.666667,8,550.69898
78.666667,160,553.192026
57.333333,105,555.133921
32.0,63,556.186417
9.666667,18,556.467013
1.333333,5,556.549715
33.666667,62,557.577775
59.666667,112,559.465338
76.0,143,562.26601
36.333333,70,563.363057
42.666667,77,576.866994
3.0,6,576.952759
4.333333,12,577.178576
31.666667,60,578.245729
81.333333,160,580.836343
18.666667,43,581.610136
76.0,137,583.803948
6.666667,13,584.04741
74.333333,150,586.452075
87.333333,160,588.82528
3.0,8,588.964996
30.333333,52,589.82764
39.333333,87,591.261405
15.0,30,591.713181
86.0,160,594.500766
24.0,57,595.432298
9.666667,18,595.73038
1.333333,3,595.782493
54.0,115,597.62701
47.333333,91,599.170888
23.666667,46,599.913302
38.333333,74,601.04249
19.0,42,601.768192
40.333333,70,602.925711
32.0,61,604.03585
17.666667,38,604.759768
12.333333,22,605.173257
20.0,45,605.915787
15.666667,28,606.40168
18.333333,34,607.063037
14.666667,33,608.300424
44.0,87,609.824284
52.666667,105,611.532817
60.666667,115,613.497811
29.0,58,614.418977
12.666667,29,614.91176
38.333333,72,616.117717
20.333333,36,616.75055
23.666667,44,617.443825
12.666667,23,617.901876
27.666667,48,618.759411
30.0,59,619.68775
90.0,160,622.322988
31.666667,62,623.365088
14.666667,33,623.868198
41.0,78,625.051883
31.666667,68,626.257938
46.0,87,627.524472
47.333333,99,629.186691
32.0,57,630.055615
44.333333,86,631.409854
15.333333,29,631.860262
80.0,160,634.467204
25.333333,51,635.406425
19.0,38,636.147094
9.333333,15,636.455386
25.333333,43,637.205566
47.666667,90,638.782922
14.333333,24,639.127533
14.0,27,639.648908
30.666667,63,640.653078
21.666667,40,641.339714
9.0,16,641.627794
45.666667,90,643.682655
18.0,39,644.327711
6.666667,13,644.564085
10.0,17,644.869613
29.666667,56,645.872361
4.333333,10,646.022136
14.333333,28,646.429062
35.666667,64,647.494277
42.0,85,649.127386
42.0,79,650.534386
28.666667,57,651.492693
10.0,23,651.882401
61.666667,118,653.682328
36.666667,69,654.78841
13.0,28,655.274764
15.333333,31,655.867593
27.666667,52,656.63172
21.666667,42,657.36364
44.333333,72,658.659429
29.0,52,659.425798
33.333333,53,660.318841
3.666667,8,660.429237
11.666667,22,660.840263
21.666667,42,679.430389
91.333333,160,682.135192
7.666667,16,682.433864
83.333333,160,685.05714
29.0,50,685.87508
33.333333,57,686.957258
20.666667,35,687.575322
29.333333,53,688.518294
12.0,29,688.978151
56.666667,117,691.045022
29.0,50,691.925784
50.666667,103,693.707565
53.333333,99,695.479988
25.333333,47,696.820003
93.333333,160,699.514931
49.0,80,700.673943
93.333333,160,703.266062
6.333333,10,703.404082
30.333333,50,704.312609
6.666667,13,704.569763
80.0,160,707.240218
30.333333,62,708.20599
50.333333,96,709.887826
28.666667,63,711.0682
47.333333,93,712.480756
3.333333,7,712.620215
46.333333,90,714.115349
27.666667,68,715.404484
32.333333,66,716.484229
35.0,60,717.597116
20.666667,39,718.210514
24.666667,47,719.047206
35.666667,68,720.255052
39.0,78,721.502981
31.0,66,722.658726
85.333333,160,725.329279
55.333333,95,726.841737
17.0,36,727.388779
51.0,96,728.961696
23.333333,47,729.841778
86.0,160,733.089019
48.333333,92,734.624413
43.666667,78,735.955438
88.666667,160,738.665388
45.666667,80,740.003791
34.0,63,741.10408
15.333333,33,741.682491
43.666667,82,743.001117
24.333333,38,743.640827
33.333333,65,744.856794
15.0,34,745.448416
13.333333,31,745.962163
39.333333,71,747.108591
12.0,27,747.549613
40.0,73,748.742853
19.0,42,749.38611
18.666667,37,749.969046
60.0,111,751.896372
43.333333,87,753.296384
59.333333,121,755.316823
38.333333,68,756.538187
44.666667,79,758.003472
55.666667,94,759.566046
11.666667,18,759.903009
43.333333,77,761.202044
27.0,52,762.119693
10.333333,28,762.546989
3.0,6,762.645597
25.333333,47,763.427658
45.333333,87,785.362876
4.0,7,785.468116
88.666667,160,788.450199
28.0,61,789.460958
50.666667,89,790.988354
91.333333,160,793.562175
39.0,76,794.823407
30.666667,59,795.934078
78.0,160,798.767555
35.666667,72,799.922634
13.0,36,800.519107
49.0,90,802.124774
86.666667,160,804.797275
5.0,8,804.910182
89.333333,160,807.478182
50.0,95,809.011127
19.666667,42,809.731235
8.0,13,809.972419
41.666667,74,811.221328
52.666667,97,812.956288
22.0,39,813.542761
17.333333,33,814.113307
57.666667,102,815.944139
23.666667,42,816.632931
62.0,117,818.724187
31.0,58,819.722965
81.333333,160,822.783496
28.0,63,823.669797
24.333333,50,824.600842
57.333333,113,826.610481
50.333333,98,828.20571
86.666667,160,830.866842
16.333333,36,831.489371
92.666667,160,834.217834
19.0,40,834.866849
90.666667,160,837.391242
25.333333,49,838.248198
43.0,82,839.50963
24.0,47,840.25685
53.666667,108,841.821726
82.666667,160,844.414652
20.333333,46,845.080798
32.333333,54,845.99076
62.666667,113,847.832202
46.0,85,849.363981
52.333333,88,850.971466
40.0,69,852.148794
39.333333,71,853.32715
18.666667,41,854.040834
92.0,160,857.214828
43.333333,85,858.764523
59.666667,110,860.799312
41.333333,81,862.162555
5.0,10,862.360062
88.0,160,865.176447
40.666667,71,866.384288
23.666667,48,867.097037
33.333333,53,867.945166
32.0,51,868.822842
87.333333,160,890.595347
12.333333,32,891.248073
78.0,160,893.92291
56.333333,108,895.737232
26.333333,44,896.488604
92.666667,160,899.17039
74.333333,146,901.73959
81.666667,146,904.090326
85.666667,160,906.754241
37.666667,80,908.133672
86.666667,160,911.446959
26.333333,44,912.093787
10.333333,26,912.476678
62.0,123,914.472458
43.333333,73,915.802823
60.666667,113,917.648573
15.0,34,918.20903
20.333333,34,918.787999
28.0,53,919.72826
13.0,24,920.183653
26.666667,57,921.137738
7.333333,13,921.367015
65.333333,111,923.095483
39.333333,83,924.541118
18.333333,34,925.024236
6.0,13,925.22234
2.666667,7,925.360945
50.666667,93,926.907283
33.333333,63,927.896007
79.333333,160,930.591439
24.333333,58,931.565413
20.0,41,932.310506
9.666667,24,932.694097
12.333333,26,933.152467
50.0,85,934.53529
52.333333,108,936.423775
21.0,36,937.062448
14.666667,33,937.645344
29.0,44,938.414123
12.0,25,938.849981
48.0,83,940.116118
64.0,115,942.050319
4.0,9,942.188085
38.0,61,943.184797
36.0,69,944.494966
49.666667,86,946.561367
10.0,23,946.943352
45.0,88,948.322439
31.666667,58,949.163021
8.333333,20,949.50729
54.666667,101,951.309476
47.666667,98,952.861458
16.333333,42,953.631336
54.333333,96,955.24277
20.333333,44,955.829857
57.666667,100,957.610954
53.333333,99,959.222558
82.666667,145,961.591269
21.666667,42,962.390459
45.666667,96,964.010567
15.666667,34,964.525677
96.0,160,967.201619
19.0,30,967.657151
39.0,80,969.083503
20.666667,41,969.756064
9.333333,15,969.989791
64.666667,127,972.072325
56.333333,100,973.8451
8.333333,14,974.081058
33.666667,56,989.528501
86.0,160,992.264299
36.0,69,993.352695
25.0,46,994.687731
86.666667,160,997.202654
46.666667,79,998.552648
15.0,30,998.993312
2.666667,5,999.107217
40.333333,64,1000.148755
47.0,76,1001.624528
70.0,127,1004.005955
23.333333,37,1004.613676
9.666667,18,1004.88676
88.0,160,1007.174597
34.666667,61,1008.186825
57.666667,112,1010.125798
21.666667,40,1010.848625
29.666667,58,1011.84175
41.666667,76,1013.076673
37.0,64,1014.166346
88.666667,160,1016.952903
41.333333,71,1018.08277
47.333333,79,1019.321705
31.666667,54,1020.166735
73.666667,122,1022.127108
28.0,53,1023.040408
4.333333,8,1023.186763
94.666667,160,1025.747319
5.0,10,1025.885835
32.0,55,1026.808843
84.0,160,1029.983741
26.333333,44,1030.726982
38.666667,73,1031.899897
59.333333,109,1033.744142
67.666667,114,1035.729149
42.333333,80,1037.079118
59.333333,99,1038.677544
19.0,42,1039.376348
13.666667,32,1039.961873
23.333333,45,1040.590396
62.666667,105,1042.326547
58.666667,109,1044.268663
23.333333,45,1044.886167
33.666667,56,1045.895184
88.0,160,1048.515476
86.666667,160,1051.129408
11.333333,27,1051.587248
9.333333,19,1051.995433
75.0,142,1054.280693
82.666667,160,1057.043762
21.0,48,1057.886578
26.0,51,1058.726136
84.666667,147,1060.830696
59.333333,109,1062.824827
93.333333,160,1065.750537
61.333333,111,1067.496163
21.0,42,1068.187204
15.666667,28,1068.665049
13.666667,22,1069.077339
94.666667,160,1071.852604
88.0,160,1085.80101
4.666667,9,1085.937346
46.666667,85,1087.497912
24.666667,55,1088.486718
16.666667,37,1089.19349
76.666667,127,1091.366913
19.0,32,1091.961387
101.333333,160,1094.365672
90.666667,160,1096.866688
11.666667,24,1097.215857
29.666667,48,1098.034786
51.333333,83,1099.629215
27.666667,50,1100.48025
44.666667,69,1101.581023
16.666667,33,1102.173599
89.333333,160,1104.925589
16.0,27,1105.46537
12.333333,26,1105.903459
17.666667,36,1106.520374
37.0,62,1107.592402
48.0,87,1108.997086
84.666667,160,1112.039598
21.0,42,1112.731068
2.333333,8,1112.838059
4.666667,9,1113.006818
28.333333,56,1113.928459
39.0,70,1115.209135
27.333333,53,1116.046755
39.333333,75,1117.279903
3.666667,8,1117.437425
44.0,73,1118.551259
16.0,29,1119.056556
37.333333,69,1120.24558
86.666667,160,1122.900337
92.0,160,1125.523586
54.666667,93,1127.05795
29.666667,44,1127.818292
42.666667,75,1129.077976
47.333333,79,1130.312002
36.666667,55,1131.309545
24.0,41,1132.070146
12.666667,23,1132.465642
25.0,48,1133.312981
34.666667,67,1134.442753
18.0,33,1135.017677
47.0,84,1136.494535
46.333333,86,1138.14784
72.0,133,1140.278621
50.333333,92,1141.659884
35.333333,59,1142.676674
28.666667,43,1143.357838
33.666667,50,1144.640645
66.0,121,1146.585134
7.0,14,1146.804538
47.333333,79,1148.173383
11.333333,23,1148.521919
46.0,83,1149.853147
32.666667,55,1150.822571
14.0,33,1151.337978
52.333333,100,1153.014485
51.0,88,1154.490081
7.0,12,1154.678903
7.0,12,1154.870987
36.333333,68,1155.943492
88.666667,160,1158.746912
11.333333,25,1159.229266
32.666667,57,1160.324157
93.333333,160,1163.185834
88.0,157,1165.760242
37.0,62,1166.89193
14.333333,30,1167.457912
88.666667,160,1189.355032
11.666667,22,1189.707256
43.333333,79,1191.08433
96.0,160,1193.768995
9.333333,15,1194.035476
46.333333,76,1195.261339
14.666667,25,1195.685482
8.666667,15,1195.890552
33.333333,61,1196.933259
18.0,39,1197.609698
29.666667,48,1198.982084
44.666667,87,1200.486567
54.666667,87,1201.903727
92.666667,160,1204.478098
17.0,38,1205.183334
18.0,35,1205.719627
73.333333,123,1207.90072
33.333333,59,1208.874165
92.0,160,1211.750189
32.666667,57,1212.768999
13.666667,26,1213.250354
88.0,160,1216.052224
53.0,90,1217.535446
46.666667,83,1218.97037
24.666667,43,1219.670935
27.333333,57,1220.674438
31.0,62,1221.777969
40.333333,60,1222.795444
13.0,28,1223.203143
18.0,29,1223.709008
96.666667,160,1226.5219
57.666667,94,1228.081184
8.0,19,1228.464434
45.666667,88,1229.92872
11.0,24,1230.307204
95.333333,160,1232.960108
64.666667,115,1235.365679
51.666667,82,1236.877373
37.333333,69,1237.993391
62.666667,119,1239.960588
93.333333,160,1242.563541
50.0,87,1244.069872
9.333333,21,1244.462986
6.0,17,1244.788249
53.0,88,1246.320258
58.333333,96,1248.005524
30.0,43,1248.649428
24.0,37,1249.289644
18.666667,43,1249.973852
35.666667,70,1251.161096
12.0,27,1251.597389
94.666667,160,1254.377212
31.0,58,1255.332725
31.666667,62,1256.360403
10.666667,21,1256.693401
26.333333,50,1257.511471
93.333333,160,1260.174742
91.333333,160,1262.746723
100.333333,160,1265.218961
88.666667,160,1267.813735
7.0,16,1268.09187
50.666667,97,1270.225
19.666667,38,1270.941844
25.666667,38,1271.495413
22.0,51,1272.3353
27.333333,49,1273.095841
45.666667,76,1274.509369
10.333333,24,1274.878912
42.333333,72,1286.335658
96.666667,160,1289.0542
19.666667,34,1289.706109
26.666667,45,1290.486608
92.666667,160,1293.212258
32.333333,76,1294.46113
40.333333,66,1295.597398
9.0,16,1295.919075
19.0,34,1296.493727
72.0,121,1298.638807
30.666667,57,1299.687824
11.666667,24,1300.058178
42.666667,89,1301.567119
87.0,148,1304.02538
86.666667,160,1306.538713
28.333333,58,1307.527082
59.666667,110,1309.366373
46.333333,82,1310.727488
2.666667,7,1310.862357
96.0,160,1313.6681
50.333333,78,1315.547695
37.333333,75,1316.812471
12.666667,27,1317.278959
45.333333,93,1319.0263
92.0,160,1321.548647
42.666667,79,1322.784605
47.0,82,1324.163945
78.333333,132,1326.421574
81.333333,135,1328.658379
94.666667,160,1331.191965
61.333333,111,1333.109347
87.333333,155,1335.674584
29.333333,47,1336.458153
34.666667,65,1337.606117
31.0,58,1338.614888
62.333333,108,1340.381206
41.0,74,1341.745946
13.333333,23,1342.150842
28.0,49,1343.038374
24.333333,50,1343.98675
29.0,54,1344.992663
39.666667,70,1346.18819
57.0,106,1347.932968
42.333333,68,1349.665887
19.666667,46,1350.465074
86.666667,160,1353.331472
62.666667,115,1355.443154
10.0,17,1355.719072
82.666667,127,1357.92293
46.0,79,1359.208623
94.666667,160,1361.963767
79.333333,133,1364.314028
10.0,23,1364.712315
33.0,68,1365.899792
62.333333,102,1367.57619
91.333333,155,1369.935063
39.0,78,1371.237832
9.666667,20,1389.739177
69.333333,125,1391.874735
23.0,42,1392.627507
7.666667,16,1392.940804
32.666667,53,1393.779118
24.0,47,1394.592969
96.0,160,1397.343687
91.333333,160,1399.952417
38.333333,72,1401.298526
3.0,6,1401.409755
21.666667,38,1401.972728
94.0,160,1405.240668
48.0,77,1406.501041
53.666667,110,1408.448042
32.0,51,1409.270364
69.0,118,1411.351583
88.0,160,1414.130404
94.666667,160,1416.827468
37.333333,65,1417.973325
27.666667,44,1418.689013
6.333333,12,1418.939053
88.333333,148,1421.406077
8.0,17,1421.653997
28.666667,59,1422.541721
6.0,13,1422.785595
4.0,7,1422.913002
33.0,64,1424.04902
90.666667,160,1426.71161
60.333333,102,1428.339014
31.333333,51,1429.173758
90.0,160,1432.002525
71.666667,114,1433.964217
47.0,78,1435.241499
90.666667,160,1437.912235
32.0,57,1439.388747
9.666667,18,1439.689121
12.666667,25,1440.125859
97.333333,160,1442.777242
97.666667,158,1445.479686
1.333333,3,1445.546024
9.666667,18,1445.826951
28.666667,47,1446.658551
97.333333,160,1449.403146
51.333333,85,1450.744942
4.0,7,1450.854006
87.0,150,1453.443636
49.0,74,1454.635441
13.666667,28,1455.194908
89.333333,160,1457.766932
59.666667,108,1459.400997
24.0,43,1460.121355
20.333333,34,1460.592583
26.333333,50,1461.446548
92.0,160,1464.180326
70.0,113,1466.033045
92.0,160,1468.938935
25.0,40,1469.554148
36.333333,68,1470.875471
83.333333,160,1474.154163
66.333333,120,1495.686521
39.333333,63,1496.774745
88.666667,160,1499.498126
10.333333,30,1500.022419
84.666667,160,1502.750803
92.666667,160,1505.639924
90.666667,160,1508.227555
31.666667,58,1509.257579
42.333333,72,1510.435367
34.333333,72,1511.745601
21.333333,47,1512.551887
88.666667,160,1515.066038
17.0,42,1515.726918
51.666667,92,1517.258644
11.0,24,1517.662354
30.666667,45,1518.396405
82.0,160,1521.169438
42.0,81,1522.650831
94.666667,160,1525.348378
84.0,160,1528.482057
89.333333,160,1531.206466
16.333333,34,1531.855653
46.0,83,1533.179971
13.0,22,1533.535948
58.0,91,1535.072663
47.666667,76,1536.304466
53.0,102,1537.883738
96.0,160,1540.644858
15.666667,28,1541.132587
32.666667,63,1542.221515
23.333333,53,1543.125348
33.0,62,1544.065932
34.0,57,1545.021144
12.666667,23,1545.419688
77.666667,128,1547.628775
89.333333,159,1550.253783
8.0,15,1550.475887
89.333333,160,1552.863223
27.0,62,1554.000847
19.666667,36,1554.537021
8.0,13,1554.788512
100.666667,160,1557.694151
43.333333,79,1558.966494
64.333333,106,1560.724734
8.666667,13,1561.001214
90.666667,160,1564.340279
50.666667,83,1565.759326
42.0,73,1566.948558
96.0,160,1569.609092
36.0,63,1570.569401
9.0,16,1570.819531
44.666667,75,1572.147607
37.666667,62,1573.087268
76.666667,127,1575.331448
18.666667,47,1576.141351
44.333333,74,1577.409124
38.333333,68,1578.488482
19.333333,41,1579.168871
58.0,101,1595.240231
65.666667,124,1597.383845
55.0,98,1599.040909
82.666667,160,1601.877973
9.0,14,1602.163183
16.0,27,1602.569032
90.666667,160,1605.274849
23.666667,38,1605.934924
5.333333,13,1606.185778
42.666667,85,1607.77734
11.0,22,1608.108587
58.666667,107,1609.961786
93.333333,160,1613.185702
66.666667,117,1615.222807
35.333333,67,1616.337145
20.333333,34,1616.905971
102.666667,160,1619.466599
32.0,59,1620.486475
41.333333,79,1621.698671
82.0,145,1624.27377
35.333333,61,1625.140418
3.333333,7,1625.241583
66.333333,110,1626.919817
45.333333,81,1628.369827
73.0,116,1630.217223
48.333333,78,1631.5583
92.666667,160,1634.249613
90.666667,160,1636.808005
12.0,21,1637.164214
39.333333,71,1638.27398
21.0,40,1638.943208
90.666667,160,1641.680257
17.0,34,1642.215595
29.333333,55,1643.086205
20.333333,32,1643.655587
90.0,160,1646.251754
94.666667,160,1649.589345
9.666667,18,1649.925508
3.666667,8,1650.046564
94.0,160,1652.679538
24.0,47,1653.439786
67.333333,117,1655.701064
51.666667,100,1657.436455
32.0,65,1658.590166
48.0,77,1659.893229
50.333333,82,1661.243438
41.0,68,1662.362351
88.666667,160,1665.190821
21.333333,49,1665.988084
55.0,94,1667.614995
94.0,160,1670.326169
36.666667,61,1671.436589
49.0,92,1673.012265
84.666667,160,1675.923886
92.0,160,1678.606812
94.0,160,1698.086164
49.333333,81,1699.941366
24.0,53,1700.856928
20.333333,36,1701.469511
63.666667,92,1702.959247
45.666667,80,1704.296049
96.0,160,1707.2001
31.333333,59,1708.148594
18.0,31,1708.673495
42.666667,69,1710.002759
42.0,69,1711.320262
4.666667,11,1711.524898
33.666667,62,1712.609847
92.666667,160,1715.358679
96.666667,160,1718.122553
42.666667,85,1719.617409
19.0,48,1720.540049
96.0,160,1723.41538
32.666667,61,1724.437547
90.666667,160,1727.115449
48.666667,93,1728.661886
25.333333,39,1729.328205
14.333333,28,1729.855909
88.0,153,1732.419158
94.666667,160,1735.333973
69.333333,109,1737.762731
66.666667,117,1739.818451
49.333333,89,1741.417261
91.333333,160,1744.074538
89.333333,160,1746.718493
27.666667,62,1747.894024
9.333333,19,1748.22665
45.0,90,1749.834617
9.666667,20,1750.134396
27.333333,45,1750.859683
45.666667,84,1752.188545
62.0,103,1754.001605
13.333333,27,1754.433091
37.333333,65,1755.481472
16.666667,27,1755.90454
90.666667,160,1758.577667
40.666667,73,1760.04965
67.666667,114,1762.026318
13.0,38,1762.793257
97.333333,160,1765.671854
49.666667,82,1766.916996
46.666667,89,1768.175218
48.0,83,1769.262313
29.333333,55,1770.042726
77.0,140,1772.428229
87.333333,160,1774.645722
88.666667,160,1776.823451
30.0,61,1777.718474
96.0,160,1780.052174
22.333333,40,1780.628794
4.0,7,1780.725764
31.333333,57,1781.553614
50.0,97,1798.699317
3.666667,8,1798.821199
93.333333,160,1800.965179
9.333333,15,1801.170653
52.333333,90,1802.382264
17.333333,41,1802.94681
88.666667,160,1805.158724
99.333333,160,1807.299031
22.333333,46,1807.933048
18.666667,43,1808.453761
5.333333,13,1808.630423
49.666667,96,1809.98197
96.666667,160,1811.978032
50.0,99,1813.35448
60.666667,99,1814.758357
88.0,143,1817.257794
17.666667,32,1817.688574
93.333333,160,1819.944746
55.666667,84,1821.107493
31.666667,48,1821.7668
52.0,79,1822.873657
87.333333,160,1825.077985
49.0,94,1826.39898
30.333333,58,1827.212604
65.0,122,1828.935929
27.333333,53,1829.695941
40.0,73,1830.733152
35.0,64,1831.622151
95.333333,160,1833.892246
63.666667,104,1835.381065
75.0,142,1837.350917
92.666667,160,1839.574923
81.0,148,1841.666853
86.0,160,1843.890765
11.333333,25,1844.659328
37.666667,76,1845.72296
8.333333,22,1846.031124
51.333333,95,1847.385887
77.333333,160,1849.627797
41.666667,74,1850.656951
42.333333,64,1851.50033
48.0,75,1852.539678
22.666667,35,1853.035037
95.333333,160,1855.172134
57.0,106,1856.6857
91.333333,160,1858.884504
89.333333,160,1861.060022
24.333333,42,1861.673805
54.333333,98,1863.124715
14.0,33,1863.59004
69.666667,118,1865.201632
64.666667,99,1866.521773
54.666667,85,1867.705945
27.333333,49,1879.94607
18.333333,44,1880.553605
62.666667,109,1882.03022
48.0,85,1883.161065
21.0,34,1883.662932
92.666667,160,1886.342172
86.0,160,1888.74409
13.333333,23,1889.0953
92.0,160,1891.345625
24.666667,41,1891.950999
24.333333,54,1892.693503
53.333333,91,1893.957911
76.666667,135,1895.760588
21.333333,43,1896.339096
31.666667,64,1897.227412
49.666667,84,1898.34323
65.666667,116,1899.971228
4.666667,13,1900.164529
26.333333,48,1900.834232
78.0,160,1903.398505
4.0,9,1903.534737
48.666667,97,1904.870889
92.0,160,1907.219856
72.0,131,1909.290628
39.666667,82,1910.486583
88.666667,160,1912.810635
88.666667,160,1915.519132
92.0,160,1917.660185
52.0,83,1918.825513
49.666667,80,1919.834407
58.666667,91,1921.066611
33.666667,64,1921.943918
6.333333,10,1922.092325
73.0,120,1923.733332
79.0,128,1925.350447
60.666667,101,1926.991988
33.666667,58,1927.821631
80.0,160,1930.105105
59.333333,111,1931.595891
26.333333,44,1932.229544
37.666667,72,1933.273713
93.333333,160,1935.425906
9.333333,19,1935.700729
10.333333,16,1935.937248
44.666667,79,1937.03141
12.0,21,1937.328663
15.0,32,1937.783672
5.0,8,1937.904276
28.666667,51,1938.611226
19.0,32,1939.090623
84.0,160,1941.371334
96.0,160,1944.120589
48.666667,93,1945.453451
45.333333,75,1946.563821
56.666667,87,1947.810244
86.666667,160,1950.036641
27.666667,54,1950.793976
43.0,76,1967.036188
90.666667,160,1969.33917
47.333333,97,1970.701995
18.666667,29,1971.131369
97.333333,160,1973.226119
53.333333,95,1974.535651
28.0,49,1975.233371
31.666667,58,1976.10333
87.333333,160,1978.385338
5.666667,10,1978.521886
92.666667,160,1980.77885
37.0,62,1981.676057
43.0,78,1982.705675
4.0,7,1982.818684
40.0,75,1983.872157
42.0,97,1985.270168
15.666667,26,1985.637565
72.666667,117,1987.270079
8.0,15,1987.49428
65.333333,113,1989.594583
94.666667,160,1991.886678
20.666667,33,1992.350547
15.666667,22,1992.643447
21.0,32,1993.108603
88.0,160,1995.42376
50.0,87,1996.631388
91.333333,160,1998.913506
27.0,46,1999.554194
89.333333,160,2001.751249
25.666667,48,2002.428142
45.333333,77,2003.487792
94.0,160,2005.713842
96.666667,160,2007.84615
77.0,136,2009.694205
45.666667,82,2010.872166
66.0,107,2012.362521
66.666667,115,2013.970601
29.333333,53,2014.733039
62.666667,103,2016.256948
86.666667,160,2019.061473
48.333333,92,2020.358263
38.333333,70,2021.34298
0.333333,2,2021.378407
98.666667,160,2023.623424
101.333333,160,2025.839533
46.0,69,2026.814146
65.0,106,2028.281152
20.333333,44,2028.905376
10.0,19,2029.155405
7.0,12,2029.335743
94.666667,160,2031.397433
37.333333,63,2032.287874
82.666667,137,2034.251529
43.666667,74,2035.278884
62.0,97,2036.637403
58.0,111,2052.945252
51.666667,84,2054.138683
32.0,75,2055.215065
17.0,38,2055.747997
45.0,82,2056.888525
46.0,91,2058.194767
54.0,83,2059.345638
61.666667,108,2060.833839
30.333333,50,2062.001672
41.666667,72,2062.994691
98.0,160,2064.985285
40.333333,76,2066.071965
58.0,91,2067.205351
52.666667,93,2068.545465
96.666667,160,2070.808561
10.333333,18,2071.061813
70.333333,132,2072.924788
4.0,9,2073.073093
95.333333,160,2075.319241
51.0,86,2076.57835
49.666667,94,2077.855993
66.666667,111,2079.408587
93.333333,160,2081.497275
100.0,160,2083.603072
90.666667,160,2085.953822
41.666667,74,2086.928365
37.666667,60,2087.800153
84.0,160,2090.552691
99.333333,160,2092.626493
52.666667,93,2093.941518
8.333333,18,2094.203648
42.0,65,2095.134881
25.0,48,2095.770697
45.666667,76,2096.843314
35.666667,58,2097.572728
27.0,48,2098.272424
90.0,160,2100.526168
55.666667,108,2102.077451
90.666667,153,2104.201567
37.0,72,2105.27388
11.0,22,2105.599126
43.333333,77,2106.670983
45.333333,89,2107.916787
17.666667,32,2108.391621
90.0,151,2110.445568
85.333333,160,2112.633978
37.0,70,2113.59282
90.666667,160,2115.751745
94.0,160,2117.922084
2.0,5,2118.003694
28.0,47,2119.13183
91.333333,160,2121.343785
42.333333,78,2122.386681
25.333333,49,2123.028072
17.0,34,2133.925241
49.333333,93,2135.205724
88.666667,160,2137.376179
18.333333,28,2137.77265
16.333333,38,2138.313088
10.0,17,2138.53771
33.666667,64,2139.423211
90.666667,160,2141.567533
4.666667,11,2141.723104
88.0,160,2143.898041
11.333333,29,2144.43656
31.0,64,2145.395492
8.333333,12,2145.595006
0.333333,2,2145.630805
59.666667,112,2147.377639
18.666667,39,2148.021655
96.0,160,2150.597241
90.666667,160,2153.313498
12.666667,23,2153.719318
67.333333,117,2155.704929
4.0,7,2155.824262
32.333333,58,2156.783318
19.333333,31,2157.327122
34.666667,61,2158.266003
18.333333,38,2159.032892
92.666667,160,2161.933558
53.333333,85,2163.404085
64.0,113,2165.322095
5.333333,9,2165.447421
72.0,121,2167.53071
37.666667,62,2168.648175
15.333333,31,2169.185341
35.0,58,2170.210466
94.0,160,2172.891242
6.0,9,2173.057847
47.0,74,2174.228599
10.666667,17,2174.519168
56.0,95,2176.05545
48.666667,71,2177.218486
72.333333,120,2179.136944
21.333333,43,2179.797161
63.666667,106,2181.635756
56.0,95,2183.191481
26.0,53,2183.977929
53.666667,92,2185.447837
83.333333,160,2188.13902
3.0,6,2188.261024
57.666667,108,2190.020915
11.0,22,2190.366125
41.666667,68,2191.486959
86.0,160,2194.359585
0.333333,2,2194.389079
7.666667,16,2195.163137
99.333333,160,2197.663657
20.666667,35,2198.285222
51.666667,86,2199.721473
6.0,9,2199.876152
16.333333,38,2200.547935
93.333333,160,2203.340003
39.0,68,2204.521631
57.0,98,2206.160455
92.0,160,2209.046697
5.333333,9,2209.233506
55.666667,88,2210.603428
17.666667,32,2211.188309
21.0,40,2211.916616
36.666667,67,2213.152012
95.333333,160,2215.933634
15.666667,26,2231.463937
7.333333,15,2231.764245
96.666667,160,2234.508887
40.333333,74,2235.835423
33.666667,66,2236.780221
17.666667,26,2237.200475
36.333333,62,2238.228565
39.0,70,2239.409691
90.0,160,2242.285572
39.333333,63,2243.338838
93.333333,160,2246.706105
49.333333,79,2248.060406
14.0,29,2248.567084
97.333333,160,2251.348491
49.666667,84,2252.792348
95.333333,160,2255.405205
1.0,2,2255.439035
23.333333,47,2256.235311
50.0,97,2257.945226
96.0,160,2261.019309
20.0,31,2261.594939
16.333333,36,2262.263743
102.666667,160,2264.973567
29.666667,48,2265.715163
77.333333,137,2267.869488
10.666667,17,2268.158487
46.333333,84,2269.493134
30.0,49,2270.296598
88.666667,160,2272.817156
11.666667,18,2273.117353
100.666667,160,2275.821989
5.333333,9,2275.952637
6.666667,17,2276.204911
3.0,6,2276.296066
37.0,72,2277.503577
95.333333,159,2280.138604
92.0,143,2282.814774
26.0,43,2283.598794
11.0,22,2283.994708
88.0,160,2286.669341
81.333333,160,2289.546999
99.333333,160,2292.163212
5.333333,13,2292.383894
17.666667,34,2293.033416
9.0,16,2293.3087
37.0,58,2294.224112
25.0,46,2294.954963
57.0,96,2296.570336
44.0,77,2297.93075
2.0,7,2298.0464
92.0,160,2300.660956
99.333333,160,2303.419048
9.0,14,2303.643713
93.333333,160,2306.338634
29.333333,55,2307.316006
24.666667,41,2307.976758
93.333333,160,2310.734727
96.0,160,2313.395941
58.0,101,2315.221113
53.0,100,2334.369421
60.666667,95,2335.655378
76.666667,125,2337.419566
90.666667,160,2339.4877
77.666667,138,2341.410625
98.0,160,2343.737301
21.666667,40,2344.302958
23.333333,37,2344.799275
88.666667,160,2347.053484
32.333333,50,2347.797825
19.666667,36,2348.330121
42.0,73,2349.379992
11.0,22,2349.69021
77.666667,132,2351.533341
59.666667,98,2352.961249
13.333333,25,2353.310693
40.0,65,2354.245605
88.0,160,2356.567095
69.333333,117,2358.207687
86.0,143,2360.157304
25.0,40,2360.720787
45.333333,75,2361.803733
43.666667,78,2363.47988
100.0,160,2365.729251
71.333333,119,2367.373797
4.0,9,2367.519586
75.333333,123,2369.210848
46.666667,77,2370.275455
19.0,38,2370.811393
29.666667,48,2371.511716
92.666667,160,2373.788207
45.0,100,2375.190106
29.666667,48,2375.87239
4.0,7,2375.99766
58.0,97,2377.417297
103.333333,160,2379.723948
75.333333,133,2381.658498
96.0,160,2383.830844
18.0,37,2384.346452
91.333333,160,2386.702044
26.666667,55,2387.494154
65.0,104,2388.944133
42.666667,69,2389.874062
91.333333,160,2392.622024
94.0,160,2394.852415
91.333333,160,2397.085604
99.333333,160,2399.37477
94.0,160,2401.6223
75.666667,128,2403.500926
45.666667,88,2404.71186
50.666667,85,2405.911079
27.333333,53,2423.661247
38.666667,71,2424.596894
19.0,32,2425.038915
29.0,46,2425.659906
27.666667,40,2426.19439
25.333333,53,2426.877248
97.333333,160,2429.224049
45.0,80,2430.567906
34.0,59,2431.418178
94.666667,160,2433.693878
24.333333,38,2434.234429
8.0,19,2434.491796
39.0,70,2435.463502
24.0,49,2436.199626
16.0,35,2436.706045
14.666667,27,2437.086417
51.666667,98,2439.027801
91.333333,160,2441.27942
20.0,39,2441.831305
63.333333,105,2443.28317
44.666667,65,2444.21587
5.333333,9,2444.357553
30.0,47,2445.038078
88.666667,160,2447.294419
50.333333,94,2448.758338
51.0,102,2450.22103
92.666667,160,2452.444317
7.333333,13,2452.628875
66.333333,98,2453.992144
49.0,78,2455.103998
39.0,68,2456.046879
71.666667,124,2457.789102
93.333333,160,2460.062659
40.333333,68,2461.023433
75.333333,127,2462.830339
12.333333,22,2463.133539
56.333333,90,2464.359994
89.333333,160,2466.60881
95.666667,158,2469.325345
43.666667,82,2470.448422
98.666667,160,2472.602579
95.333333,160,2474.764697
32.666667,53,2475.490281
95.333333,160,2477.685866
96.0,160,2479.86882
95.333333,160,2482.009876
45.0,84,2483.114795
45.666667,84,2484.318179
24.0,45,2484.954883
33.666667,52,2485.684741
42.333333,80,2486.76921
21.666667,34,2487.244827
18.0,37,2487.738182
14.333333,22,2488.030172
72.0,119,2489.623922
28.333333,44,2490.205691
24.666667,41,2490.733176
33.666667,58,2491.548249
98.0,160,2493.64832
19.0,38,2507.710091
42.333333,64,2508.706811
54.666667,99,2510.774913
33.0,52,2511.491508
23.0,48,2512.143721
92.0,160,2514.37307
59.333333,105,2515.844438
16.333333,26,2516.225881
38.0,73,2517.191016
94.0,160,2519.417541
31.666667,58,2520.228093
20.333333,30,2520.62995
13.666667,20,2520.916171
89.666667,144,2522.929195
95.333333,160,2524.981413
76.333333,114,2526.565145
99.333333,160,2528.818707
35.0,64,2529.611539
45.666667,72,2530.613828
97.333333,160,2532.820313
13.333333,19,2533.087246
60.666667,103,2534.53601
46.666667,71,2535.583323
64.0,109,2537.106889
90.0,160,2539.839357
46.0,91,2541.153718
7.0,10,2541.309107
100.0,160,2543.500706
92.0,160,2545.764869
63.333333,99,2547.13792
102.666667,160,2549.383596
30.0,47,2550.033938
91.333333,160,2552.311671
36.333333,60,2553.150662
43.0,74,2554.240225
74.333333,120,2555.947534
10.0,17,2556.184418
91.333333,160,2558.441889
86.666667,160,2560.751325
29.333333,53,2561.521108
100.0,160,2563.781749
27.333333,45,2564.461309
64.0,115,2566.226891
34.0,65,2567.154346
38.666667,71,2568.156158
45.666667,88,2569.928163
16.666667,29,2570.323709
22.333333,42,2570.919987
94.666667,160,2573.179027
97.333333,160,2575.467784
94.666667,160,2577.772147
94.0,160,2596.449886
4.666667,11,2596.61533
91.333333,160,2598.817677
8.333333,14,2599.028136
8.0,13,2599.228743
5.666667,8,2599.356545
36.0,55,2600.099687
34.666667,63,2601.002198
8.0,13,2601.231057
62.666667,93,2602.577929
46.666667,83,2603.67788
21.0,38,2604.248976
13.0,22,2604.564659
96.0,160,2606.764623
54.0,89,2607.993081
33.0,56,2608.759878
59.333333,107,2610.314416
35.333333,67,2611.277884
100.666667,160,2613.536408
47.0,90,2615.268206
42.666667,67,2616.194725
55.0,78,2617.317724
14.0,33,2617.792015
46.333333,74,2618.814608
16.666667,25,2619.159966
34.333333,62,2620.019067
96.0,160,2622.334597
47.333333,75,2623.400744
92.0,160,2625.7226
36.666667,75,2626.783965
51.333333,93,2628.128146
40.0,71,2629.125967
38.666667,57,2629.92749
92.0,160,2632.177318
18.0,33,2632.618433
88.666667,160,2634.876492
32.666667,47,2635.509669
93.333333,160,2637.769235
48.666667,75,2638.898306
90.666667,147,2640.930302
65.0,98,2642.273295
43.666667,64,2643.17565
29.333333,53,2644.434103
16.666667,31,2644.890265
37.333333,67,2645.825816
94.0,160,2648.016594
92.666667,160,2650.254329
95.333333,160,2652.5048
61.333333,99,2653.799831
95.333333,160,2656.055933
6.0,9,2656.178515
33.0,50,2656.912518
100.0,160,2659.16827
98.0,160,2661.424015
81.666667,128,2663.200514
25.0,50,2663.908583
48.333333,82,2665.087912
32.333333,58,2665.87727
20.333333,44,2666.528644
91.666667,148,2682.92016
34.333333,54,2683.8664
96.666667,160,2686.408219
22.333333,34,2687.013369
90.0,160,2690.255163
55.666667,86,2691.627686
94.666667,160,2694.418152
61.666667,92,2695.950794
35.333333,55,2696.982031
49.666667,92,2698.537006
49.333333,85,2699.905863
94.666667,160,2702.701622
25.0,50,2703.604236
28.666667,43,2704.373118
59.666667,94,2705.820322
36.0,55,2706.972957
84.0,135,2709.473609
69.0,114,2711.364758
50.333333,88,2712.857511
55.0,92,2714.345784
30.333333,54,2715.155416
92.666667,160,2717.709946
58.0,97,2719.372622
59.333333,107,2720.968912
94.0,160,2723.643936
21.666667,40,2724.191769
86.666667,160,2726.49468
17.333333,33,2726.950907
98.0,160,2729.20033
99.333333,160,2731.628048
44.333333,80,2732.791315
15.0,26,2733.146811
18.666667,43,2733.723121
96.666667,160,2735.962503
91.333333,160,2738.235136
43.0,70,2739.250732
88.0,160,2741.543675
30.0,49,2742.238906
71.666667,112,2743.788744
29.666667,48,2744.466017
55.0,92,2745.731691
62.333333,114,2747.325703
14.0,29,2747.756304
94.0,160,2750.080225
71.333333,123,2751.683937
16.333333,24,2752.024346
9.333333,21,2752.845743
31.0,56,2753.631642
94.0,160,2755.896135
54.0,89,2757.143858
95.333333,160,2759.375079
92.0,160,2773.872848
35.0,60,2774.699328
96.666667,160,2776.894926
40.333333,70,2777.872305
94.666667,160,2779.875667
70.0,119,2781.532871
94.666667,160,2783.764888
14.666667,27,2784.141704
53.0,98,2785.46907
95.333333,160,2787.738653
95.333333,160,2789.999084
39.666667,66,2790.932631
36.0,59,2791.77685
17.0,32,2792.225505
90.666667,160,2794.991898
66.0,107,2796.52005
99.333333,160,2798.84268
51.0,94,2800.221596
23.333333,37,2800.7344
59.666667,102,2802.126805
13.666667,28,2802.525307
31.666667,54,2803.300646
12.0,23,2803.644683
38.0,69,2804.606624
68.0,117,2806.278701
42.666667,87,2807.566161
98.666667,160,2809.945338
6.333333,10,2810.084291
18.333333,38,2810.612583
93.333333,160,2812.897466
91.333333,160,2814.94152
100.666667,160,2817.189763
85.0,148,2819.265996
37.666667,68,2820.263831
43.333333,69,2821.236146
89.333333,160,2823.940906
24.333333,38,2824.479587
7.0,12,2824.656425
49.0,84,2825.871367
85.333333,147,2827.782014
21.333333,33,2828.259584
90.0,160,2830.505747
31.333333,53,2831.27583
42.333333,80,2832.409715
89.333333,160,2834.719769
95.333333,160,2836.924212
17.0,40,2837.488275
50.666667,85,2838.717217
64.333333,116,2840.331581
47.0,78,2841.391368
18.0,31,2841.826698
93.333333,160,2858.128394
94.0,160,2860.437917
90.666667,160,2862.699456
19.666667,34,2863.210641
6.0,13,2863.382173
98.666667,160,2865.661407
90.666667,160,2868.430651
96.0,160,2870.730107
51.0,94,2872.077522
47.666667,80,2873.205725
89.333333,160,2875.421577
74.333333,128,2877.187927
45.0,70,2878.180765
6.0,9,2878.3084
98.666667,160,2880.557163
92.0,160,2882.803253
98.666667,160,2885.031442
17.666667,28,2885.435859
90.0,160,2887.631986
48.333333,80,2888.789836
96.666667,160,2891.053524
11.0,20,2891.358583
65.0,122,2893.061166
89.333333,149,2895.168778
95.333333,160,2897.871638
88.0,160,2900.118568
51.0,80,2901.150903
58.0,107,2902.588069
15.333333,33,2903.067106
37.333333,69,2904.037366
6.333333,16,2904.265218
28.666667,57,2905.096294
98.0,160,2907.309814
34.333333,52,2908.070568
90.0,160,2910.303321
69.666667,110,2911.821367
29.333333,57,2912.611892
92.0,160,2914.969702
36.333333,60,2915.806896
54.333333,100,2917.141308
39.333333,67,2918.064672
94.666667,160,2920.335001
42.666667,75,2921.311363
65.0,106,2922.814994
100.0,160,2925.478094
96.0,160,2928.082152
99.333333,160,2944.498322
30.666667,47,2945.155014
71.666667,122,2946.869615
93.333333,143,2948.717234
40.333333,68,2949.678687
50.333333,84,2950.837888
90.666667,160,2953.164324
22.666667,39,2953.743475
12.0,25,2954.136348
21.0,40,2954.716666
88.666667,160,2956.978601
31.333333,57,2957.775389
27.0,44,2958.445028
29.333333,57,2959.25015
95.333333,160,2961.489052
98.666667,160,2963.616335
35.333333,77,2964.728309
12.0,29,2965.129035
87.333333,160,2967.375006
88.666667,160,2970.148342
50.0,77,2971.24815
24.666667,47,2971.939096
18.333333,34,2972.472447
94.666667,160,2974.703665
54.666667,93,2976.013
44.0,89,2977.270075
37.333333,71,2978.23737
10.666667,23,2978.586525
92.666667,160,2980.827137
94.666667,155,2983.009542
72.333333,110,2984.544799
3.666667,8,2984.663608
53.333333,97,2986.01984
51.666667,80,2987.15713
2.666667,5,2987.226572
1.0,2,2987.257829
58.666667,87,2988.345015
9.0,16,2988.561596
40.333333,62,2989.4479
32.666667,57,2990.265327
78.0,160,2992.529044
60.0,99,2994.004912
90.666667,160,2996.251489
100.0,160,2998.809507
44.0,71,2999.827152
97.666667,160,3002.068494
91.333333,160,3004.262514
33.333333,65,3005.184088
16.333333,24,3005.540986
96.666667,160,3007.802675
94.666667,160,3010.089106
25.0,48,3010.701912
81.0,126,3012.491413
92.666667,160,3028.706588
20.0,39,3029.277717
48.333333,82,3030.508213
48.666667,87,3031.767603
93.333333,160,3034.446861
61.666667,100,3036.736129
91.333333,160,3039.421064
30.666667,53,3040.546926
95.333333,160,3042.893533
11.333333,25,3043.822093
94.0,160,3046.149157
4.0,9,3046.287728
43.333333,87,3047.538792
101.333333,160,3049.846227
46.0,81,3051.035695
54.333333,94,3052.512313
94.0,160,3054.807683
24.666667,51,3055.584498
25.666667,54,3056.402461
94.666667,160,3058.676709
94.0,160,3061.029404
32.333333,48,3061.736222
10.333333,22,3062.040492
98.0,160,3064.182944
94.0,160,3066.477225
91.333333,160,3068.789854
41.333333,73,3069.817327
96.0,160,3072.090722
54.0,101,3074.034189
11.0,18,3074.33604
31.666667,54,3075.112369
59.666667,88,3076.360315
44.333333,88,3077.624689
60.0,97,3079.03669
100.0,160,3081.142092
40.0,61,3082.028246
30.0,51,3082.735152
93.333333,160,3084.981231
95.333333,160,3087.267979
6.666667,13,3087.453104
33.0,58,3088.295736
20.666667,41,3088.858192
27.333333,41,3089.427362
92.333333,160,3091.712077
46.0,77,3092.728664
59.333333,109,3094.278977
13.0,24,3094.650622
31.333333,51,3095.400497
97.333333,160,3097.692323
101.333333,160,3099.753012
42.333333,74,3100.840772
48.333333,72,3101.767726
103.333333,160,3120.434482
62.666667,101,3121.813809
16.666667,31,3122.25409
43.666667,78,3123.329707
30.333333,50,3124.040736
11.0,18,3124.315901
58.333333,94,3125.617124
95.333333,160,3127.683478
18.0,29,3128.083645
3.333333,5,3128.141914
48.666667,81,3129.239527
92.666667,160,3131.241448
88.0,160,3133.547627
60.666667,113,3135.179729
38.333333,58,3136.022839
29.0,62,3136.937221
57.0,102,3138.426006
7.0,12,3138.586918
102.0,160,3140.837197
40.666667,71,3141.866971
90.666667,160,3144.458261
92.666667,160,3146.712746
51.0,82,3148.323444
28.0,51,3149.098106
40.0,71,3150.20094
34.333333,60,3151.04764
10.0,15,3151.283684
95.333333,160,3153.497667
92.666667,160,3155.543563
70.0,121,3157.225013
67.666667,124,3158.956806
35.333333,59,3159.808085
13.333333,25,3160.155182
20.666667,39,3160.687363
89.333333,147,3162.811337
44.666667,73,3163.812358
29.0,54,3164.532244
35.0,68,3165.494035
45.0,78,3166.548222
49.666667,80,3167.71263
19.666667,38,3168.272053
17.0,30,3168.685512
94.666667,160,3170.966383
13.333333,25,3171.33489
13.333333,33,3171.785711
14.0,29,3172.220294
47.333333,73,3173.290452
35.333333,63,3174.224892
46.333333,80,3175.34797
1.666667,4,3175.407082
46.333333,88,3176.628487
81.333333,145,3179.189362
34.666667,65,3180.096066
45.666667,68,3181.082183
10.666667,19,3181.35057
98.0,160,3183.559682
47.666667,78,3184.634539
21.0,34,3185.111741
14.0,23,3185.425088
98.666667,160,3187.626191
97.333333,160,3189.917384
90.666667,160,3208.901629
94.666667,160,3211.142403
25.333333,39,3211.670737
98.666667,160,3213.886244
69.0,112,3215.442136
68.0,119,3217.119391
83.333333,147,3219.200874
28.666667,53,3219.937043
9.666667,18,3220.188751
65.666667,108,3221.702775
52.666667,93,3223.413159
43.666667,68,3224.36248
15.666667,30,3224.76274
41.0,66,3225.600843
96.666667,160,3227.820846
18.666667,33,3228.294624
21.333333,37,3228.803972
34.0,55,3229.538275
42.0,77,3230.661876
34.666667,63,3231.546758
97.333333,160,3233.763641
95.333333,160,3235.99781
22.333333,40,3236.566225
42.333333,70,3237.516293
80.0,129,3239.369141
27.666667,50,3240.059891
65.0,108,3241.607695
98.666667,160,3243.99501
93.333333,160,3246.257945
16.333333,28,3246.651483
41.666667,62,3247.474491
38.0,65,3248.405586
38.666667,63,3249.244308
6.0,13,3249.432092
35.0,60,3250.288495
2.666667,5,3250.358498
100.0,160,3253.042789
37.333333,65,3253.987263
99.333333,160,3256.30861
48.666667,85,3257.501562
97.333333,160,3259.72322
6.666667,15,3259.942716
52.0,73,3260.953769
88.0,160,3263.227128
98.0,160,3265.479538
92.0,160,3267.661278
33.666667,60,3268.515139
90.0,160,3270.753752
45.0,68,3271.874298
32.666667,63,3272.757694
3.666667,8,3272.872697
92.666667,160,3275.174721
62.0,109,3276.680403
72.666667,127,3290.506401
22.666667,37,3291.035958
100.0,160,3293.261524
98.0,160,3296.098907
101.333333,160,3298.201008
63.333333,101,3299.613976
98.666667,160,3301.689875
23.333333,45,3302.335102
11.333333,17,3302.589981
53.666667,100,3304.153736
34.666667,69,3305.118775
55.666667,88,3306.294278
69.0,122,3307.934621
17.666667,28,3308.367685
56.333333,84,3309.417888
93.333333,160,3311.491331
8.666667,15,3311.705776
25.0,52,3312.44653
28.333333,56,3313.240684
47.666667,76,3314.370502
41.333333,73,3315.295453
97.333333,160,3317.506356
100.0,160,3319.741104
69.0,114,3321.280948
5.333333,13,3321.486751
44.0,73,3322.984396
23.666667,40,3323.555279
88.666667,160,3325.613661
92.0,160,3327.874352
96.0,160,3330.155703
76.333333,126,3331.928944
95.333333,160,3334.228468
35.333333,65,3335.174353
32.0,59,3336.052014
28.333333,62,3337.023802
23.666667,40,3337.622878
87.666667,150,3339.578433
24.333333,42,3340.135733
18.0,35,3340.611534
42.333333,80,3341.795728
20.666667,35,3342.333596
100.666667,160,3344.520669
103.333333,160,3346.428618
100.0,160,3348.781463
94.666667,160,3351.237393
27.0,44,3352.439661
98.0,160,3354.45037
56.0,103,3355.814175
22.666667,37,3356.346957
38.666667,71,3357.457658
45.666667,86,3358.782978
98.666667,160,3361.245892
21.333333,33,3361.721737
76.666667,135,3377.760296
68.666667,109,3379.335839
55.666667,90,3380.749658
66.333333,112,3382.462969
21.666667,44,3383.193804
98.666667,160,3385.646457
0.333333,2,3385.683968
92.0,160,3387.998185
3.666667,8,3388.130957
84.0,160,3390.633261
9.0,16,3390.874427
42.333333,66,3391.917849
63.666667,106,3393.629786
55.0,90,3395.081114
42.333333,66,3396.145428
18.0,33,3396.634389
27.333333,41,3397.811733
64.666667,93,3399.293493
61.0,104,3400.889452
67.666667,116,3402.750566
21.0,34,3403.311063
100.0,160,3405.630446
100.0,160,3408.175964
91.333333,160,3410.860389
42.666667,73,3412.063602
32.666667,59,3412.989955
56.333333,92,3414.529037
38.666667,61,3415.574106
7.666667,16,3415.877785
22.333333,50,3416.714771
48.333333,68,3417.860675
11.333333,25,3418.274143
97.333333,160,3420.997319
37.0,64,3422.077301
65.666667,108,3423.930655
94.0,160,3426.63618
12.0,23,3427.050276
53.666667,84,3428.498952
9.0,14,3428.742073
83.333333,137,3431.104672
96.0,160,3434.512073
97.333333,160,3437.286333
96.0,160,3440.214086
42.333333,66,3441.36484
31.0,52,3442.333156
28.333333,48,3443.219833
9.666667,18,3443.564377
93.333333,160,3446.417291
104.666667,160,3449.319115
43.666667,74,3450.828373
10.666667,17,3451.163066
76.333333,116,3453.353449
39.333333,73,3454.720102
11.333333,21,3455.112913
94.666667,160,3458.208982
95.333333,160,3485.490446
30.333333,54,3486.701019
28.333333,50,3487.780722
53.0,86,3489.688025
31.666667,60,3491.065423
49.333333,75,3492.739039
20.0,39,3493.561485
32.333333,54,3494.7055
37.333333,67,3497.006329
16.666667,29,3497.691501
23.0,44,3498.748013
49.666667,84,3500.811817
18.333333,28,3501.516551
65.333333,99,3503.909608
15.333333,31,3504.662763
96.0,160,3508.588325
28.333333,48,3509.764396
96.666667,160,3514.066257
96.0,160,3518.286812
11.333333,23,3518.903918
48.0,85,3520.984959
17.666667,28,3521.632613
25.666667,50,3522.876447
73.0,116,3525.929147
61.666667,98,3528.465959
52.333333,96,3530.96426
7.666667,16,3531.386495
45.666667,74,3533.337245
89.333333,160,3537.634104
15.0,26,3538.333861
13.0,22,3538.936019
49.666667,80,3541.037035
34.333333,56,3542.435933
50.0,83,3544.423135
42.0,63,3545.980428
35.333333,57,3547.462828
55.0,86,3550.62862
17.333333,31,3551.417178
14.0,25,3552.082418
41.333333,69,3553.798976
51.666667,84,3555.893936
36.666667,57,3557.291861
49.333333,87,3559.627759
99.333333,160,3563.182977
39.0,72,3564.757331
98.666667,160,3568.179943
46.666667,83,3569.767992
29.666667,52,3570.706407
43.0,76,3572.259692
26.333333,40,3573.002418
19.0,28,3573.499025
62.666667,109,3575.595053
20.0,43,3576.390648
19.0,32,3577.023492
5.0,8,3577.16714
17.666667,28,3577.665747
6.333333,18,3578.001778
96.0,160,3580.887987
56.333333,98,3582.626586
17.666667,40,3583.324923
22.666667,39,3583.948315
52.0,89,3585.489738
90.666667,151,3587.999629
19.666667,30,3588.518359
27.666667,54,3589.667671
17.333333,35,3590.389987
26.666667,47,3592.05977
15.333333,27,3592.601538
53.666667,88,3594.449469
27.666667,54,3595.558
11.333333,17,3595.839799
53.666667,96,3597.801419
97.333333,160,3620.501235
3.0,6,3620.633025
50.333333,84,3622.230467
19.0,36,3622.896633
10.333333,26,3623.403305
66.0,117,3625.612345
57.333333,97,3627.26158
17.333333,33,3627.848658
23.333333,37,3628.434371
105.333333,160,3630.90441
50.666667,91,3632.67514
36.0,75,3634.100005
97.333333,160,3636.785065
7.0,14,3637.074953
96.666667,160,3640.043935
94.666667,160,3642.735307
99.333333,160,3645.733588
53.666667,92,3647.469047
4.0,7,3647.64412
98.0,160,3651.317307
24.0,47,3652.15376
47.0,68,3653.44864
30.333333,54,3654.457191
55.0,88,3656.260559
46.0,73,3657.688218
98.0,160,3660.781119
94.666667,160,3664.172817
12.333333,18,3664.456793
46.333333,82,3666.091878
91.666667,154,3669.201763
11.0,18,3669.521245
18.0,29,3670.057723
28.666667,47,3671.019418
63.0,106,3673.00723
26.0,37,3673.812539
3.333333,5,3673.905498
71.333333,123,3676.425644
33.666667,66,3677.681628
90.666667,160,3681.015493
75.0,120,3683.597611
66.333333,104,3685.562785
10.0,17,3685.94514
48.0,81,3687.63048
99.333333,160,3691.415359
90.666667,160,3694.550765
26.666667,51,3695.585742
48.0,77,3697.144
42.333333,72,3698.812666
12.0,25,3699.361606
59.0,94,3701.47001
1.666667,4,3701.554428
94.333333,158,3705.048561
92.666667,160,3708.5538
64.333333,94,3710.720523
48.333333,86,3712.514823
100.666667,160,3715.73515
34.666667,67,3717.275707
97.333333,160,3745.362376
4.0,9,3745.579919
37.666667,62,3747.018997
98.0,160,3750.608532
41.333333,73,3752.369377
41.0,74,3754.12934
29.333333,51,3755.318003
23.333333,45,3756.387692
7.0,12,3756.685015
94.0,160,3760.613391
2.666667,5,3760.739986
80.0,133,3765.296381
65.333333,109,3768.292899
18.333333,30,3769.057349
82.0,131,3772.492835
50.666667,85,3774.713203
86.0,160,3778.632854
71.666667,126,3781.316119
94.0,160,3784.848474
86.0,135,3787.803835
9.0,18,3788.194592
73.0,118,3790.487816
24.0,39,3791.260428
86.666667,160,3794.380186
80.333333,132,3796.912177
31.0,56,3797.984765
91.333333,160,3800.85966
16.0,31,3801.428018
25.666667,42,3802.121597
23.333333,37,3802.764576
52.666667,79,3804.197234
62.0,103,3806.013476
43.666667,72,3807.946851
58.333333,94,3809.525841
57.666667,100,3811.2444
60.0,117,3813.213446
78.0,131,3815.443569
67.666667,118,3817.451903
4.0,7,3817.568331
92.666667,160,3820.151311
95.333333,160,3822.685209
40.666667,67,3823.766505
3.333333,5,3823.86067
96.666667,160,3826.430222
11.666667,20,3826.754676
34.666667,59,3827.682496
98.666667,160,3830.193189
5.0,8,3830.316762
93.333333,160,3832.796745
80.0,123,3834.703316
1.0,2,3834.744892
60.0,105,3836.345494
96.0,160,3838.753404
54.333333,104,3840.82761
92.0,160,3843.175672
54.333333,100,3856.519847
43.0,80,3857.74466
78.666667,133,3859.717317
95.333333,157,3861.888867
52.333333,82,3863.094438
49.0,78,3864.160158
97.333333,160,3866.575109
95.333333,160,3868.936686
57.666667,96,3870.267949
62.0,105,3871.816643
91.0,152,3874.122866
97.333333,160,3876.602462
56.0,97,3878.125118
95.333333,160,3880.58001
82.0,127,3882.523846
42.666667,75,3884.191358
59.333333,107,3885.827768
96.0,160,3888.15955
49.666667,82,3889.488451
48.0,81,3890.772712
64.333333,112,3892.570948
0.333333,2,3892.602481
29.666667,48,3893.360896
43.333333,75,3894.559889
59.333333,97,3896.096978
32.666667,55,3896.962126
40.0,63,3897.954005
22.333333,38,3898.595727
99.333333,157,3900.912431
56.666667,93,3902.289799
3.0,6,3902.389562
19.333333,37,3902.99347
26.333333,42,3903.666698
99.333333,160,3906.244471
12.333333,24,3906.64285
96.666667,160,3909.286329
71.666667,114,3911.127357
28.333333,64,3912.185503
44.333333,78,3913.470985
39.666667,70,3914.574011
90.666667,160,3917.85491
100.666667,160,3920.29798
16.333333,30,3920.791866
99.333333,160,3923.362165
85.666667,144,3926.257371
45.0,68,3927.406893
100.666667,160,3930.178602
96.666667,160,3933.006152
94.666667,160,3952.369737
97.333333,160,3955.489467
92.0,160,3958.619167
94.0,160,3961.583517
59.0,112,3963.856596
93.333333,160,3967.164815
84.666667,160,3970.530199
52.666667,93,3973.32258
18.666667,33,3974.06269
49.0,82,3975.747286
46.666667,73,3977.201587
33.333333,51,3978.34186
63.0,112,3980.89575
94.0,160,3984.587392
54.333333,98,3986.771321
20.0,35,3987.559893
100.0,160,3991.417057
42.666667,87,3993.561947
87.333333,160,3997.432103
94.0,160,4001.500182
1.0,2,4001.563532
47.333333,83,4003.759493
6.0,9,4003.995112
91.333333,160,4007.89719
93.333333,145,4010.887142
47.0,90,4012.843379
33.666667,56,4013.923319
87.333333,160,4017.271664
98.666667,160,4021.152223
38.333333,62,4022.36861
92.666667,160,4025.50096
63.333333,95,4027.35942
72.666667,133,4029.77923
39.333333,75,4031.154342
26.333333,46,4032.016042
42.333333,76,4033.385824
54.666667,95,4035.078191
1.0,2,4035.121106
97.333333,160,4037.980807
4.333333,8,4038.121991
86.666667,137,4040.493938
55.666667,88,4041.911813
93.333333,160,4044.846872
15.333333,33,4045.404406
64.333333,114,4047.419571
41.666667,68,4048.43611
40.0,65,4049.47167
34.333333,66,4050.524688
22.666667,43,4051.229538
49.0,82,4052.521362
96.666667,160,4072.452111
89.0,136,4075.00616
38.0,65,4075.967298
30.0,57,4076.814741
67.666667,114,4078.467601
97.333333,160,4080.798482
47.666667,76,4081.939948
96.666667,160,4084.25405
34.333333,58,4085.126074
36.666667,67,4086.105658
41.333333,71,4087.159775
74.0,115,4088.939136
58.0,91,4090.279584
57.333333,91,4091.639177
72.0,119,4093.418
17.0,42,4094.07977
22.666667,47,4094.728133
98.666667,160,4097.103268
88.666667,160,4099.516833
53.666667,88,4100.854777
62.0,101,4102.405786
38.0,65,4103.387791
51.666667,94,4105.370557
88.666667,160,4107.740719
72.333333,128,4109.716771
59.666667,94,4111.141247
32.333333,52,4111.965482
86.666667,155,4114.32835
97.333333,160,4116.736599
74.666667,143,4119.004605
94.666667,160,4121.469005
66.666667,113,4123.175667
15.0,28,4123.617905
87.333333,160,4126.141805
92.666667,160,4128.696234
94.666667,160,4131.279483
100.0,160,4133.533834
42.0,83,4134.864497
96.666667,160,4137.973631
17.666667,36,4138.537833
93.333333,160,4141.193098
45.0,86,4142.625185
48.0,73,4143.800399
89.333333,160,4146.415879
97.333333,160,4149.00859
18.333333,42,4149.732438
96.666667,160,4173.244481
10.666667,19,4173.59602
97.333333,160,4176.244979
67.333333,121,4178.409794
23.666667,44,4179.221406
19.0,44,4180.058921
51.333333,87,4181.737116
92.0,160,4184.782225
17.333333,31,4185.382782
94.666667,160,4188.431849
64.333333,112,4190.53252
66.0,111,4192.906543
46.333333,82,4195.183378
16.333333,30,4195.803037
55.333333,117,4198.100827
92.666667,160,4201.21997
40.333333,68,4202.585795
24.333333,54,4203.70217
93.333333,160,4206.669416
45.666667,70,4208.368321
36.0,63,4209.774182
31.333333,65,4211.250213
92.666667,160,4214.349068
26.333333,50,4215.356681
15.666667,28,4215.89949
94.0,160,4219.146205
97.333333,160,4222.783243
26.666667,47,4223.883819
47.333333,81,4225.690984
16.333333,28,4226.331231
15.0,32,4227.07557
96.0,160,4230.878158
96.0,160,4234.762373
46.333333,78,4236.595273
53.0,92,4239.478079
34.0,55,4240.708093
7.666667,16,4241.085133
47.333333,79,4242.710801
58.0,99,4244.738933
44.333333,78,4246.384732
56.333333,94,4248.348797
101.333333,160,4251.025614
81.333333,145,4253.84142
95.333333,160,4256.811785
64.0,105,4258.764537
44.333333,82,4260.200807
18.0,37,4260.870904
20.0,39,4261.555309
77.333333,131,4263.711104
101.333333,160,4266.190475
28.0,51,4267.058849
67.333333,125,4269.180925
51.333333,87,4270.650877
94.666667,160,4294.381055
45.0,84,4295.899738
39.0,72,4297.769916
8.333333,22,4298.187561
48.666667,89,4299.81111
94.0,160,4302.561685
90.0,160,4305.518539
102.0,160,4308.356395
46.0,79,4309.572374
24.0,37,4310.186577
41.666667,68,4311.502602
99.333333,160,4314.509337
54.0,89,4316.193523
19.666667,32,4316.777861
48.666667,73,4318.123793
71.333333,115,4320.210322
100.0,160,4323.202368
93.333333,160,4326.161511
28.666667,49,4327.004119
10.0,17,4327.307081
29.333333,53,4328.122381
99.333333,160,4330.844066
71.666667,120,4333.158226
58.666667,95,4335.424593
48.0,77,4336.91252
97.333333,160,4339.825063
28.333333,52,4340.82247
96.666667,160,4343.938158
68.666667,117,4346.184495
90.666667,160,4348.883745
95.333333,160,4351.826369
92.666667,160,4354.9318
98.0,160,4357.941845
34.666667,69,4359.235191
62.333333,106,4361.523025
49.333333,79,4363.200152
92.0,160,4366.477519
98.0,160,4369.534356
99.333333,160,4372.343717
91.333333,160,4376.020606
22.666667,47,4377.003223
93.333333,160,4380.299437
24.333333,44,4381.313792
21.0,36,4382.098142
77.333333,129,4384.839489
19.666667,38,4385.63228
94.0,160,4407.51037
13.666667,32,4408.194131
23.333333,43,4409.162979
97.333333,160,4412.796266
53.666667,100,4415.235672
92.666667,160,4418.967708
66.0,115,4421.55379
33.333333,55,4422.855974
39.333333,65,4424.415867
87.333333,160,4428.334713
1.333333,3,4428.431894
86.0,160,4432.415185
91.333333,160,4436.30147
43.333333,65,4437.829901
34.333333,58,4439.152955
30.333333,46,4440.957111
34.666667,63,4442.604704
15.0,26,4443.308899
11.0,22,4443.86335
52.333333,90,4446.142241
50.333333,86,4448.475988
48.333333,72,4450.22286
100.666667,160,4453.746271
1.0,2,4453.798355
30.666667,53,4455.00636
96.666667,160,4458.471545
90.0,160,4461.830174
59.333333,103,4464.006625
54.666667,95,4466.085788
31.333333,61,4467.47695
25.666667,50,4468.572642
92.666667,160,4471.648446
98.0,160,4474.191008
28.666667,53,4475.10406
12.0,27,4475.54742
22.333333,38,4476.102179
94.666667,160,4478.799163
37.333333,63,4479.834802
17.666667,36,4480.435127
41.666667,74,4481.624478
34.0,53,4483.042527
90.0,160,4485.685356
18.0,27,4486.128906
26.666667,53,4487.012386
44.0,75,4488.221266
27.0,44,4488.919876
22.666667,39,4489.514691
28.333333,56,4490.367272
94.0,160,4492.812528
8.0,13,4493.019615
84.666667,149,4495.25503
47.333333,85,4496.595644
33.666667,54,4497.441635
47.0,82,4498.699736
92.666667,160,4501.13651
18.666667,39,4501.719084
46.666667,87,4503.012923
33.0,62,4503.952438
27.0,58,4504.827325
3.666667,8,4504.946455
95.333333,160,4522.069215
100.0,160,4524.460855
82.666667,160,4526.867678
20.666667,37,4527.436063
32.333333,64,4528.429511
34.0,65,4529.911187
48.0,91,4531.277517
16.666667,29,4531.716905
93.333333,160,4534.09995
71.333333,127,4535.991404
20.0,47,4536.720314
50.666667,89,4538.058521
7.666667,14,4538.28258
94.0,160,4540.718495
52.333333,92,4542.156191
96.0,160,4544.617358
89.333333,160,4547.065297
18.666667,33,4547.587209
59.333333,93,4549.011734
80.0,125,4550.928254
92.0,160,4553.424179
22.333333,36,4553.984355
32.0,53,4554.807024
87.333333,160,4557.279619
6.0,11,4557.44645
39.0,64,4558.468983
30.333333,52,4559.28557
46.333333,78,4560.523561
49.333333,101,4562.669564
95.333333,160,4565.249058
1.0,2,4565.287013
43.0,70,4566.383558
96.666667,160,4568.81636
92.666667,160,4571.423227
96.666667,160,4574.022645
96.666667,160,4576.635164
94.0,160,4579.269325
45.0,76,4580.543459
39.0,68,4581.69995
45.0,78,4583.04479
64.0,107,4584.824206
91.333333,160,4587.486064
97.333333,160,4590.285697
21.333333,35,4590.909875
105.333333,160,4593.561974
49.666667,84,4595.026419
22.333333,38,4596.247165
92.666667,155,4598.933278
29.666667,46,4599.771077
55.666667,84,4601.269324
58.666667,93,4622.646244
42.666667,69,4623.985155
84.0,127,4626.516149
89.0,156,4629.258864
9.0,16,4629.590924
93.333333,160,4632.688306
17.333333,29,4633.267865
11.0,20,4633.684794
40.333333,78,4635.292612
16.666667,35,4636.005954
29.666667,52,4637.039165
23.0,40,4637.837383
94.666667,160,4641.283673
99.333333,160,4644.724954
9.333333,17,4645.102013
102.0,160,4648.536859
91.333333,160,4651.589406
26.0,49,4652.487808
59.0,94,4654.275139
86.0,147,4657.875794
100.0,160,4660.627933
55.333333,93,4662.269544
97.333333,160,4665.085745
100.0,160,4667.895985
48.666667,85,4669.34199
89.333333,160,4671.951138
95.333333,160,4674.658296
14.0,25,4675.075672
4.0,9,4675.233928
24.666667,49,4676.072735
90.666667,160,4678.64242
58.0,91,4680.073017
62.666667,101,4681.693836
69.666667,118,4683.580297
105.333333,160,4685.978689
94.666667,160,4688.343548
37.666667,68,4689.374061
31.666667,50,4690.078266
26.666667,47,4691.344272
9.666667,18,4691.621643
91.333333,160,4694.12691
54.333333,98,4695.586282
97.333333,160,4698.057884
89.333333,160,4700.45877
25.0,44,4701.132948
13.0,22,4701.472102
51.333333,81,4702.588611
26.666667,47,4703.298535
48.0,89,4704.518
92.0,160,4706.856506
24.333333,44,4707.533404
21.666667,38,4708.151791
90.666667,160,4727.906557
12.666667,23,4728.272628
96.0,160,4730.756144
59.666667,86,4732.009752
97.333333,160,4734.226939
94.666667,160,4736.595622
9.0,16,4736.854039
24.0,43,4737.541109
93.333333,160,4740.817993
94.666667,160,4743.801095
82.333333,128,4746.047243
98.666667,160,4748.911834
42.333333,74,4750.34802
104.666667,160,4752.925806
94.666667,160,4756.164515
100.0,160,4759.244186
12.0,21,4759.602566
42.666667,71,4761.065188
7.333333,13,4761.325602
25.0,44,4762.206344
25.0,42,4762.918473
12.333333,20,4763.228363
94.0,160,4766.282118
1.666667,4,4766.396797
98.0,160,4769.361928
10.666667,19,4769.728224
18.666667,31,4770.297874
89.333333,160,4773.526874
7.333333,15,4773.876844
25.666667,48,4774.791717
40.666667,67,4776.124692
31.666667,52,4777.261702
17.333333,37,4778.575091
57.333333,109,4780.895452
7.0,14,4781.207739
8.666667,17,4781.60197
99.333333,160,4784.736386
28.0,45,4785.824065
96.0,160,4788.921374
4.666667,9,4789.101904
19.333333,31,4789.691354
92.0,160,4792.639683
11.666667,18,4793.010049
17.0,36,4793.689456
100.0,160,4796.933681
17.0,34,4797.690031
32.666667,65,4799.055528
94.666667,160,4802.162099
35.0,62,4803.428952
84.666667,160,4806.644189
12.0,19,4806.994832
21.333333,33,4807.587445
4.0,7,4807.711103
92.0,160,4810.876241
29.666667,52,4811.811155
14.0,23,4812.251092
87.333333,155,4815.134613
20.0,43,4815.937992
90.0,160,4819.616347
95.333333,160,4847.668804
11.333333,25,4848.18902
14.0,27,4848.821158
15.666667,28,4849.463816
24.0,45,4850.473152
30.0,51,4851.58799
54.666667,89,4853.549448
29.333333,47,4854.574926
36.0,71,4856.162122
46.333333,86,4858.257295
40.666667,67,4859.684564
54.0,99,4861.576006
39.0,60,4862.686769
46.333333,72,4863.978772
63.0,110,4865.944017
39.333333,61,4867.09098
91.666667,158,4869.813017
97.333333,160,4872.495762
48.0,75,4873.688117
82.666667,160,4875.757178
69.0,122,4877.335536
49.333333,83,4878.387397
50.0,85,4879.496507
39.0,62,4880.302983
58.666667,93,4889.242191
88.666667,160,4890.832463
100.0,160,4892.389542
81.0,134,4893.683218
61.666667,108,4894.630204
53.333333,77,4895.376054
100.666667,160,4896.913803
92.666667,160,4898.520306
99.333333,160,4900.271987
35.333333,57,4900.87844
28.333333,52,4901.451313
59.333333,89,4902.373811
65.0,110,4903.490432
55.666667,90,4904.50328
97.333333,160,4906.078207
93.333333,160,4907.818146
36.666667,59,4908.481166
7.0,12,4908.611444
63.0,100,4909.64623
71.333333,119,4910.923132
103.333333,160,4912.502698
42.666667,75,4913.38169
35.333333,55,4914.000077
90.666667,160,4915.696657
51.333333,81,4916.573059
103.333333,160,4918.366575
17.333333,43,4918.825158
28.333333,52,4919.406101
38.666667,69,4920.15121
92.666667,160,4921.941874
44.333333,76,4922.773745
53.666667,88,4923.724521
87.333333,160,4925.502056
104.0,160,4927.253002
47.666667,70,4928.039342
24.666667,53,4928.61386
92.666667,160,4930.309034
28.0,47,4930.811231
49.0,84,4931.675389
25.666667,42,4932.135465
97.333333,160,4933.820154
66.333333,122,4935.186242
55.333333,105,4936.36883
98.0,160,4938.32881
59.333333,97,4939.401627
19.333333,33,4939.74439
97.333333,160,4941.494625
36.666667,69,4942.192147
32.333333,48,4942.735879
97.333333,160,4944.46446
68.0,131,4945.917572
100.0,160,4947.653167
62.666667,99,4948.755589
67.666667,128,4950.191476
109.333333,160,4952.027332
52.666667,85,4952.983652
47.666667,78,4953.833717
53.333333,89,4954.84185
96.666667,160,4956.618468
86.333333,132,4958.117927
102.0,160,4959.895573
36.0,63,4960.600636
17.0,30,4960.955165
47.0,92,4962.125838
51.0,82,4963.061493
80.0,131,4964.518548
44.333333,68,4965.249893
58.333333,90,4966.243303
27.333333,55,4966.857001
94.0,160,4968.616303
58.0,99,4969.706147
100.0,160,4971.494837
14.333333,22,4971.729491
106.0,160,4973.458631
58.333333,98,4974.569463
76.0,127,4975.911919
102.666667,160,4977.605024
42.333333,74,4978.411622
13.666667,24,4978.662696
97.333333,160,4980.450764
102.666667,160,4982.159723
1.0,2,4982.187661
97.333333,160,4983.866077
95.333333,160,4985.66743
92.666667,160,4987.3894
86.666667,160,4989.077042
78.0,143,4990.584784
93.0,152,4992.201136
29.333333,47,4992.707858
99.333333,160,4994.44361
25.333333,35,4994.822744
100.0,160,4996.387516
46.666667,79,4997.310066
104.0,160,4998.974794
98.0,160,5000.701552
57.666667,104,5001.848269
16.0,27,5002.114254
98.0,160,5003.807287
49.0,78,5004.631722
46.333333,80,5005.514621
58.0,101,5006.598587
103.333333,160,5008.298565
96.333333,150,5009.940209
18.666667,35,5010.319115
24.0,39,5010.739303
102.666667,160,5012.281904
39.666667,70,5012.979352
45.0,72,5013.778134
20.333333,44,5014.277826
96.0,160,5015.987699
98.666667,160,5017.651186
10.333333,18,5017.842889
73.333333,109,5018.952842
106.666667,160,5020.702503
83.666667,150,5022.312344
30.666667,59,5022.94862
96.0,160,5024.642394
27.333333,45,5025.138562
101.333333,160,5026.889688
100.0,160,5028.612053
89.333333,160,5030.309639
15.666667,36,5030.702611
19.666667,36,5031.116889
94.666667,160,5032.884027
99.333333,160,5034.622314
13.666667,30,5034.952578
96.666667,160,5036.559934
66.333333,124,5037.882608
9.333333,15,5038.041644
98.666667,160,5039.631928
25.0,50,5040.180472
80.666667,149,5041.842942
105.333333,160,5043.571226
6.333333,10,5043.673086
102.666667,160,5045.406536
98.666667,160,5047.133068
104.0,160,5048.682987
53.0,78,5049.505747
80.0,125,5050.734062
104.0,160,5052.421453
94.666667,159,5054.018487
40.666667,65,5054.648367
100.0,160,5056.371394
31.666667,54,5056.957
15.333333,29,5057.284255
102.0,160,5058.997075
98.0,160,5060.720644
29.666667,58,5061.35025
98.666667,160,5063.090616
34.666667,59,5063.753308
7.0,12,5063.870945
73.0,110,5065.051247
92.666667,160,5066.759333
100.0,160,5068.356234
98.0,160,5070.00408
14.0,27,5070.297663
96.0,160,5071.996784
59.666667,106,5073.115986
97.333333,160,5074.918549
96.0,160,5076.624644
95.333333,160,5078.36993
33.333333,55,5078.932228
100.666667,160,5080.546296
61.333333,99,5081.563578
7.666667,14,5081.712218
15.333333,31,5082.026079
92.666667,160,5083.691216
103.333333,160,5085.342647
61.333333,99,5086.424908
33.0,54,5087.005548
24.666667,41,5087.483549
100.666667,160,5089.190049
54.666667,95,5090.216447
45.0,78,5091.078436
98.0,160,5092.670329
30.666667,55,5093.267496
43.666667,82,5094.124551
102.666667,160,5095.721251
91.333333,160,5097.429057
102.666667,160,5099.124068
30.0,45,5099.609911
33.666667,64,5100.299306
98.0,160,5102.007068
42.333333,76,5102.811313
4.666667,9,5102.918163
67.0,120,5104.192253
100.0,160,5105.879558
96.666667,160,5107.625487
96.666667,160,5109.36547
97.333333,160,5111.047471
100.0,160,5112.713004
105.333333,160,5114.389271
37.333333,65,5115.115824
4.0,7,5115.196867
96.666667,160,5116.893007
42.0,83,5117.841428
39.666667,62,5118.511129
96.666667,160,5120.274485
98.666667,160,5122.134198
33.0,62,5122.797361
29.333333,47,5123.31378
91.333333,160,5125.005325
10.666667,27,5125.308578
52.666667,79,5126.126291
21.666667,32,5126.461934
102.0,160,5128.205324
98.0,160,5130.143941
28.333333,60,5130.925791
98.666667,160,5132.645851
56.333333,100,5133.732324
25.333333,43,5134.354466
59.666667,94,5135.375747
95.333333,160,5137.103055
40.666667,63,5137.779784
45.333333,83,5138.665017
44.333333,76,5139.645893
102.0,160,5141.771502
94.666667,160,5143.518372
21.333333,35,5143.909862
101.333333,160,5145.985039
47.333333,77,5146.759865
94.0,160,5148.60623
23.0,38,5149.024297
84.666667,149,5150.801238
61.0,98,5151.962761
62.0,105,5153.086123
60.333333,96,5154.055061
68.666667,109,5155.229165
99.333333,160,5157.208919
100.0,160,5159.222989
104.666667,160,5160.936414
99.333333,160,5162.536363
98.666667,160,5164.309222
73.0,114,5165.610953
94.0,160,5167.605029
94.666667,160,5169.373079
96.0,160,5171.593756
48.666667,85,5172.565092
33.333333,53,5173.11657
102.0,149,5174.557997
38.0,73,5175.449551
96.0,160,5177.484705
100.0,160,5179.689375
104.0,160,5181.503165
101.333333,160,5183.349604
50.666667,77,5184.455525
96.0,160,5186.940881
70.666667,109,5188.123705
53.333333,99,5189.791204
96.0,160,5191.706225
26.0,41,5192.168682
10.666667,19,5192.370186
102.0,160,5194.162412
17.0,30,5194.666902
95.333333,160,5197.182295
96.666667,160,5198.92088
47.666667,88,5199.883752
96.666667,160,5201.654585
27.333333,61,5202.525885
74.0,109,5203.756907
100.0,160,5206.043971
99.333333,160,5207.930974
29.0,48,5208.458088
49.666667,80,5209.327548
99.333333,160,5211.142856
98.0,160,5212.837501
101.333333,160,5214.543882
14.0,33,5214.901907
96.0,160,5216.645752
100.666667,160,5218.478705
97.333333,160,5220.22955
56.333333,102,5221.352168
42.666667,63,5222.062626
58.333333,88,5223.257923
97.333333,160,5225.703739
45.666667,80,5226.566962
9.666667,16,5226.730468
69.333333,105,5227.854167
94.0,160,5229.563003
48.666667,83,5230.580253
31.0,52,5231.221513
99.333333,160,5232.933442
24.333333,42,5233.387589
102.666667,160,5235.587553
58.666667,99,5236.856715
54.666667,87,5237.810418
67.0,110,5239.120328
104.0,160,5240.870655
85.333333,143,5242.607949
34.0,57,5243.212602
90.666667,160,5245.26538
87.0,140,5246.735402
92.666667,160,5248.515842
95.333333,160,5250.325518
27.0,50,5250.874548
86.0,141,5252.459779
101.333333,160,5254.474959
96.0,160,5256.194582
34.666667,59,5256.846678
49.0,84,5257.755538
104.666667,160,5259.321034
96.0,160,5261.026165
15.0,42,5261.487247
37.333333,59,5262.117143
97.333333,160,5263.968389
94.0,160,5265.81803
30.333333,50,5266.667677
102.0,160,5268.559298
72.0,105,5269.708772
93.333333,160,5271.537324
60.666667,101,5272.754482
11.333333,21,5273.11688
99.333333,160,5275.262729
58.666667,99,5276.329745
98.666667,160,5278.04792
96.0,160,5279.854712
73.333333,117,5281.124523
97.333333,160,5283.069251
48.666667,81,5283.922327
105.333333,160,5285.827643
98.0,160,5287.576778
29.0,48,5288.34434
102.0,160,5290.254918
38.333333,70,5291.021613
89.0,138,5292.568436
16.0,39,5293.034397
103.333333,160,5295.056701
35.666667,62,5295.728032
24.333333,48,5296.245806
32.333333,60,5296.891289
17.0,44,5297.410788
98.666667,160,5299.480328
100.0,160,5301.992835
25.0,46,5302.471704
96.0,160,5304.188531
95.333333,160,5306.296752
97.666667,160,5308.301071
30.666667,47,5308.800551
22.333333,38,5309.211226
99.333333,160,5311.085245
96.666667,160,5313.038706
100.0,160,5314.994289
73.666667,112,5316.171996
100.666667,160,5317.976079
72.333333,108,5319.129261
23.666667,38,5319.545725
24.0,39,5319.981533
90.0,160,5321.717031
33.666667,56,5322.677255
96.666667,160,5324.590839
67.0,108,5325.753618
99.333333,160,5327.797237
0.333333,2,5327.824748
99.333333,160,5329.908827
35.333333,53,5330.706692
99.333333,160,5332.710492
46.666667,83,5333.756289
58.0,99,5334.939021
90.333333,152,5336.605208
94.0,160,5338.571368
54.666667,91,5339.838245
37.333333,59,5340.68911
58.666667,103,5341.856243
36.666667,57,5342.474673
65.333333,111,5343.678211
96.0,160,5345.638306
73.333333,111,5346.81271
93.333333,160,5348.751782
94.666667,160,5350.457229
100.666667,160,5352.169402
95.333333,160,5353.842526
42.666667,69,5354.635415
92.0,160,5356.374571
85.333333,160,5358.199015
94.666667,160,5360.06751
43.333333,65,5361.07673
98.666667,160,5362.873567
105.333333,160,5364.585185
100.0,160,5366.746688
98.0,160,5368.937085
83.333333,141,5370.795595
13.333333,21,5371.022017
94.0,160,5372.59708
32.0,51,5373.196358
43.0,68,5374.118929
98.666667,160,5375.89158
41.0,66,5376.603925
101.333333,160,5378.709668
98.0,160,5380.424769
41.0,66,5381.140099
99.333333,160,5383.377544
84.666667,145,5385.770901
102.0,160,5387.658311
64.333333,116,5388.996031
62.666667,95,5390.037384
91.333333,160,5392.261675
49.0,90,5393.241068
94.666667,160,5395.287023
51.0,80,5396.162047
64.666667,99,5397.339823
55.333333,97,5398.423281
56.0,85,5399.596037
36.666667,77,5400.478471
56.333333,94,5401.588109
34.333333,64,5402.283516
98.0,160,5403.967931
68.666667,101,5405.200252
46.666667,71,5406.070207
65.333333,105,5407.188972
66.0,125,5408.518353
100.0,160,5410.39079
94.666667,160,5412.178361
100.666667,160,5413.878194
47.0,72,5414.662179
100.0,160,5416.858685
94.0,160,5418.928735
48.666667,77,5419.971509
96.666667,160,5422.007804
45.666667,88,5423.047015
57.666667,100,5424.237335
95.333333,160,5426.100289
29.666667,54,5426.704945
86.666667,139,5428.332381
29.666667,62,5429.180904
90.666667,160,5430.933917
13.333333,19,5431.152157
55.666667,90,5432.029316
22.0,39,5432.44714
31.0,48,5432.998077
70.666667,115,5434.223291
31.666667,50,5434.773492
64.0,111,5436.647397
98.0,160,5438.459735
96.0,160,5440.195472
33.0,58,5440.821655
57.0,100,5441.808017
102.666667,160,5444.154311
77.0,126,5446.189717
35.0,68,5447.04895
52.666667,89,5448.289932
100.0,160,5449.991671
63.0,98,5451.095323
28.333333,44,5451.595448
26.0,45,5452.089915
96.0,160,5453.824096
14.333333,34,5454.322426
24.333333,38,5454.738595
44.0,79,5455.767967
102.0,160,5457.749381
76.0,125,5459.057261
15.666667,24,5459.316268
79.0,136,5461.099066
77.333333,131,5462.648858
15.0,44,5463.139123
63.0,94,5464.438369
94.666667,160,5466.13497
98.0,160,5467.854976
104.0,160,5469.571946
29.333333,55,5470.177542
68.666667,97,5471.335219
35.666667,58,5472.352496
92.666667,160,5474.681421
98.666667,160,5476.57517
34.666667,65,5477.300343
39.333333,73,5478.333299
91.666667,150,5479.931768
35.333333,65,5480.631574
11.0,18,5480.830088
102.0,160,5482.686187
76.333333,128,5484.1729
43.666667,66,5484.874293
100.666667,160,5486.637913
70.333333,122,5488.311988
23.333333,39,5488.73249
15.333333,25,5489.004865
61.333333,91,5489.886355
58.333333,98,5490.954602
69.666667,112,5492.07822
55.333333,89,5493.092621
22.666667,41,5493.663509
95.333333,145,5495.775981
22.333333,38,5496.265984
60.666667,107,5497.845979
106.0,160,5499.86727
98.0,160,5501.944435
45.0,76,5502.686521
94.0,160,5504.865041
94.0,160,5506.6034
57.0,110,5507.797002
98.666667,160,5509.645267
102.666667,160,5511.332916
92.0,160,5513.934326
41.666667,58,5514.68844
96.666667,160,5516.725586
71.666667,118,5518.160686
100.666667,160,5519.987925
50.666667,79,5520.842895
95.333333,160,5522.545342
97.333333,147,5524.396956
74.666667,129,5525.714616
