#{"t_start": 1765290655.4784973, "env_id": "merge-v0"}
r,l,t
9.855224,11,3.200056
14.184037,16,3.458121
14.450217,17,3.716361
14.304275,16,3.938363
14.67722,17,4.152463
16.60445,19,4.416886
12.102548,14,4.623391
16.723648,20,4.957229
25.616805,30,5.402859
14.153906,16,5.598425
22.183063,29,6.020445
11.11648,12,6.206421
18.046525,21,6.546279
24.82193,33,7.037066
9.09852,10,7.160377
27.413273,33,7.603409
25.454822,29,8.052456
8.116829,9,8.195408
13.103077,16,8.415259
14.352233,17,8.64747
15.326014,18,8.925333
10.344656,12,9.073773
18.676726,23,9.419859
17.396547,20,9.709695
28.125051,32,10.149638
18.338904,21,10.45366
11.734168,13,10.630664
19.59805,23,10.99814
21.413889,28,11.416245
12.354945,14,11.603243
13.224351,15,11.80933
16.504193,20,12.046563
8.097193,9,12.161892
17.967778,21,12.497128
8.848626,10,12.656014
15.488177,19,12.973379
20.007643,22,13.323404
15.65453,19,13.612233
10.944839,12,13.751606
17.517098,20,14.029065
11.112026,12,14.164564
27.800486,32,14.654983
24.679099,33,15.142493
18.919073,23,15.524689
23.740632,27,15.943365
13.754558,16,16.151682
16.318055,19,16.458675
17.113738,19,16.750675
28.656537,33,17.194473
11.553607,13,17.385532
18.03311,22,17.72684
11.664788,13,17.898196
22.700354,26,18.298426
11.09748,12,18.487712
21.112594,25,18.879825
22.194345,25,19.293148
25.583739,32,19.796512
24.358433,28,20.203553
21.533554,24,20.57582
10.076568,11,20.71548
18.526039,22,21.064853
13.669889,16,21.281915
29.072674,34,21.845952
17.401733,20,22.144348
27.44332,31,22.631858
12.555848,14,22.848403
8.252969,9,22.987328
24.453124,27,23.407646
18.075162,21,23.707871
15.711778,18,23.967487
22.144544,25,24.324448
16.984586,20,24.622619
17.196264,20,24.889714
13.281986,16,25.100785
11.281759,13,25.273373
9.430877,11,25.450778
26.215039,30,25.891583
25.88419,31,26.33955
23.223166,26,26.740572
14.301091,16,26.99573
15.624989,19,27.275765
14.075105,17,27.534781
17.255548,21,27.840758
17.094848,20,28.15461
22.213911,25,28.565899
12.273061,14,28.780874
9.888889,11,28.925889
13.402035,15,29.17222
7.931043,9,29.317674
12.740395,15,29.535315
20.560828,25,29.91847
8.207037,9,30.06659
14.41932,16,30.301866
23.028499,26,30.645223
7.15772,8,30.771052
13.079544,15,30.976626
13.208913,15,31.151621
15.528427,18,31.4475
15.054881,17,31.711395
10.763409,12,31.899814
11.095934,12,32.087671
8.669672,10,32.205462
20.055113,23,32.571252
16.333213,19,32.869314
14.624088,16,33.127351
21.379852,25,60.796561
15.236372,17,61.070407
19.319402,23,61.429477
13.761595,17,61.697955
14.176136,16,61.925815
10.586278,12,62.082342
10.92917,12,62.269855
18.268763,22,62.59068
11.525542,14,62.809729
15.875875,18,63.09583
8.706784,10,63.221485
16.814186,19,63.515326
14.796178,16,63.773956
26.73483,30,64.281781
10.950031,12,64.477478
10.442552,12,64.654989
27.915856,35,65.183991
24.079567,31,65.629218
21.180438,26,66.072203
17.581854,19,66.340584
17.863419,20,66.645037
18.587309,23,67.025546
14.876554,17,67.308726
10.690039,12,67.512645
27.492841,31,67.981019
10.278588,12,68.172909
22.66366,31,68.643248
8.283333,9,68.759574
11.386137,13,68.960465
15.932882,18,69.256424
7.848862,9,69.402764
17.79026,20,69.729078
20.400768,26,70.126706
27.900987,34,70.662871
22.956298,29,71.025012
17.970882,22,71.356391
14.055472,16,71.586015
9.944444,11,71.744805
8.109232,9,71.869135
27.224639,31,72.357789
22.903942,28,72.778585
10.172222,11,72.921913
24.809585,34,73.411639
20.910302,24,73.785081
17.702872,20,74.09556
21.562799,27,74.534959
24.733889,34,75.065067
27.395989,32,75.57044
13.39162,16,75.825648
17.25882,20,76.113628
7.071108,8,76.214032
17.128141,20,76.542274
24.364831,30,76.988395
12.639321,14,77.215075
12.192953,14,77.383586
11.514522,13,77.567972
26.345385,32,78.069084
17.07289,19,78.349212
19.018605,21,78.65707
24.902293,34,79.171566
12.885325,15,79.382856
26.701557,30,79.844976
11.651658,13,80.046948
14.376129,16,80.296879
20.684545,26,80.658777
28.133742,31,81.152183
10.85599,12,81.337665
24.590184,28,81.765554
20.721308,27,82.165574
14.938722,17,82.442447
27.235322,31,82.936239
7.9176,9,83.057888
11.576476,13,83.26526
11.426809,13,83.454221
25.392755,30,83.897383
19.068538,22,84.260327
11.87671,13,84.481477
10.15819,12,84.637401
18.137353,21,84.93122
18.320286,21,85.222432
13.276309,15,85.432115
18.138176,21,85.688052
13.56031,15,85.912327
26.682177,30,86.394629
15.0442,18,86.694968
8.137018,9,86.833072
21.117946,27,87.25849
11.253455,13,87.437969
9.962642,11,87.611583
12.91863,15,87.846677
15.286235,17,88.12435
13.169,15,88.350706
23.469233,30,88.829332
25.594012,31,89.288132
26.548605,32,89.759899
10.605913,12,89.952779
18.44663,23,90.332839
8.647843,10,90.492275
13.281049,15,90.727141
24.306522,33,91.209933
27.902107,31,91.658644
9.720214,11,91.826722
16.211886,18,112.748442
24.62889,29,112.958207
9.775289,11,113.064414
18.776762,23,113.224509
19.631104,23,113.399975
7.781299,9,113.473583
20.804256,27,113.673871
7.82893,9,113.730943
21.140483,25,113.889624
12.863834,15,114.014328
14.369512,16,114.149514
23.853908,27,114.361071
13.404235,16,114.496843
24.75144,29,114.7103
19.359075,23,114.898041
11.127772,12,114.981219
9.367661,11,115.068125
18.126078,21,115.239056
10.169612,11,115.330187
24.910034,33,115.591516
26.531651,32,115.82833
16.790154,21,115.985676
8.657866,10,116.058315
17.276746,20,116.207856
27.771198,32,116.440374
14.6491,17,116.58575
10.86693,12,116.675876
7.933722,9,116.754756
19.545522,23,116.918447
12.949239,15,117.021572
16.633703,20,117.178268
13.564956,16,117.301509
26.274383,32,117.536799
20.650999,24,117.73009
12.99905,16,117.847176
13.584767,15,117.953317
23.98871,28,118.170616
10.86587,12,118.262757
16.050673,18,118.3824
13.819246,16,118.493551
23.768211,27,118.713953
27.601116,32,118.945268
25.497912,30,119.197063
11.224605,13,119.293713
16.334294,19,119.431981
18.779113,22,119.610104
9.646649,11,119.683499
28.83917,33,119.938866
23.883323,30,120.21016
15.052747,17,120.377901
22.709714,29,120.713477
23.743591,31,121.071705
22.025068,27,121.406808
22.855593,30,121.81692
28.418059,34,122.281969
8.041637,9,122.401961
27.28486,33,122.820526
29.20716,34,123.285086
28.143058,33,123.733947
10.081454,11,123.882137
9.479689,11,124.016974
12.887984,16,124.23345
23.444638,29,124.657137
17.483641,20,124.937735
12.518201,14,125.134672
25.59046,34,125.609788
24.383182,27,125.978657
13.232171,16,126.184598
24.226179,33,126.593999
10.048802,11,126.73879
15.06692,18,126.973274
25.735306,31,127.420609
15.381075,17,127.65133
21.324771,25,127.991607
18.446838,22,128.302705
8.700102,10,128.436905
16.485469,21,128.739484
25.750878,30,129.128762
21.170537,27,129.482716
14.217751,17,129.701921
26.42043,32,130.139004
25.144796,29,130.520563
16.100833,18,130.695817
14.677226,17,130.838853
15.004913,17,130.979091
29.54556,35,131.256992
9.922771,11,131.350498
14.668171,17,131.47517
26.017695,32,131.750259
10.797005,12,131.84689
17.893405,21,132.01088
15.59239,19,132.158599
26.63881,32,132.408547
20.489141,25,132.615292
25.065057,34,150.835465
11.088857,12,150.938891
25.317405,34,151.225327
22.350095,26,151.437104
20.392286,25,151.631737
21.515457,27,151.849372
25.467556,33,152.116312
25.248575,30,152.347917
15.990879,18,152.48636
13.487248,16,152.626782
17.198435,20,152.793211
19.747788,23,152.974096
28.70654,35,153.255517
23.356474,30,153.50014
26.755756,30,153.759033
20.856401,24,153.950784
29.925893,35,154.269233
24.042827,32,154.542226
15.972425,19,154.694578
25.38745,29,154.971188
12.917542,16,155.112384
16.698138,20,155.279124
12.087777,13,155.392278
7.86817,9,155.464371
29.062653,34,155.774219
18.657907,21,155.964686
11.489001,14,156.096125
21.000933,24,156.291853
19.322472,23,156.490745
26.392364,32,156.789598
18.370314,21,156.961549
11.417087,13,157.073281
15.577116,18,157.222552
9.202621,10,157.307768
12.512508,14,157.421295
22.434211,32,157.708899
10.504645,12,157.81484
6.95,8,157.873434
20.261271,23,158.07034
14.125875,17,158.206517
11.037601,12,158.310491
14.472042,17,158.44173
29.906671,35,158.74935
17.006767,20,158.910568
20.263232,25,159.109945
20.314053,24,159.304245
28.266506,31,159.575602
29.267783,34,159.854596
24.298572,31,160.106725
10.097202,11,160.200343
20.752092,24,160.394717
10.90533,13,160.493836
21.341667,25,160.715661
9.798928,11,160.818829
7.790465,9,160.887412
29.486162,33,161.1657
8.366667,9,161.236461
29.017781,34,161.517532
18.50296,22,161.704553
17.390795,19,161.858749
15.707506,18,162.008536
12.672078,14,162.119674
29.79556,35,162.417876
24.618001,32,162.682254
25.413277,31,162.96417
28.296495,33,163.259639
18.069977,23,163.461595
24.444179,31,163.733166
24.23226,29,163.990102
26.934366,31,164.268598
23.604528,28,164.516979
11.516185,14,164.634142
26.155533,29,164.90001
17.045802,20,165.064445
17.322407,21,165.227214
22.355405,26,165.4375
25.739252,34,165.729218
23.858488,31,165.985079
11.706287,13,166.101073
14.730625,16,166.225261
27.632313,32,166.493126
11.341893,13,166.61586
16.724336,19,166.779075
26.305551,32,167.016202
17.408537,20,167.168899
26.343847,30,167.420947
11.58693,13,167.528752
30.493251,36,167.836644
20.734009,24,168.031976
11.604127,13,186.679553
27.764725,32,186.992573
29.628785,35,187.313811
28.131846,33,187.598858
8.029893,9,187.690915
26.885594,33,187.95806
30.096433,35,188.262297
18.663914,22,188.441547
19.553474,23,188.633857
30.462194,36,188.935957
26.724531,30,189.174969
22.652286,28,189.405424
17.583526,21,189.571134
26.336957,32,189.839989
27.517735,32,190.127046
28.184449,32,190.403764
27.539883,33,190.682132
15.127803,18,190.833403
19.35607,24,191.033703
28.542399,33,191.31219
15.112581,17,191.440625
26.504843,32,191.711617
26.573204,30,191.981987
31.073338,36,192.287158
19.465616,23,192.46943
17.805112,21,192.63041
15.431095,18,192.772116
10.534832,12,192.873515
8.840595,10,192.952611
30.101116,35,193.240495
21.158418,25,193.432302
10.674305,12,193.532928
7.88701,9,193.603837
23.981415,28,193.84618
29.792583,34,194.136442
17.488688,21,194.324675
24.964176,33,194.593441
26.524353,32,194.847326
20.026434,25,195.060666
25.837346,31,195.335115
22.418449,27,195.583498
20.246031,25,195.792071
21.100244,25,196.02988
19.571489,25,196.242247
27.750919,34,196.507966
28.272919,33,196.772473
15.461018,18,196.915145
26.197327,30,197.157456
18.989332,21,197.346225
18.355221,22,197.52984
15.591608,20,197.699225
29.462206,34,197.993466
9.606565,11,198.08008
24.448839,34,198.373653
25.109084,35,198.658604
14.773378,17,198.809309
28.489815,33,199.081706
25.530685,30,199.32612
20.467771,24,199.534581
8.165296,9,199.609674
9.687405,11,199.699786
28.118209,33,199.991909
24.473809,29,200.261267
25.870296,33,200.534712
13.017459,15,200.636384
13.95831,16,200.756452
8.874346,10,200.834046
16.104347,18,200.992887
27.234327,33,201.260277
29.072706,35,201.557507
25.839484,36,202.071378
30.823338,36,202.365829
25.728373,36,202.667533
30.740005,36,202.953607
25.811706,36,203.240141
28.9342,34,203.758692
15.182904,17,203.903414
25.051859,34,204.199388
15.581096,18,204.360151
20.550319,25,204.588524
24.386838,29,204.875679
9.616713,11,204.973873
9.662878,11,205.087613
25.175056,30,205.362069
11.563509,13,205.459038
26.531474,31,223.223727
25.378217,34,223.528529
19.950842,24,223.746745
17.272515,20,223.929528
9.756997,11,224.031173
28.150994,35,224.326224
21.573814,25,224.552172
22.708657,27,224.860824
27.460274,34,225.210961
18.688776,25,225.460953
22.864134,28,225.730196
27.366949,31,226.039414
22.472232,27,226.2934
13.200967,15,226.442004
22.983334,29,226.712981
24.058146,28,226.971047
11.189855,13,227.086196
15.488138,19,227.250837
25.121302,33,227.515632
24.07766,32,227.803652
23.244272,27,228.060626
22.772881,27,228.31673
25.076064,34,228.659565
15.209904,18,228.814857
21.239875,25,229.068887
19.544341,24,229.319799
22.011038,26,229.577913
27.100178,32,229.87132
17.86652,21,230.089833
24.43679,32,230.392853
16.823759,19,230.59097
9.529747,11,230.689445
20.141857,24,230.905706
28.614984,36,231.257879
28.91009,34,231.591509
27.389554,31,231.905329
24.839078,33,232.205021
28.933154,34,232.536565
16.229577,19,232.714846
20.858392,25,232.96048
7.785206,9,233.035129
17.991958,22,233.232113
21.202807,25,233.446474
27.297226,31,233.719133
16.127963,19,233.895425
23.10018,27,234.119774
26.594574,33,234.408186
18.105212,20,234.576892
26.893732,33,234.864074
26.523603,32,235.155706
25.413278,31,235.438154
27.464845,31,235.726599
25.757753,35,236.018847
12.350751,14,236.1455
8.772058,10,236.236534
21.265462,27,236.473643
27.210759,31,236.738951
25.925388,31,237.029467
24.030746,28,237.286814
10.411968,12,237.393482
12.438302,14,237.524164
28.184326,31,237.79808
30.125372,35,238.130839
24.512099,28,238.376886
27.113119,31,238.66039
24.155807,29,238.900477
21.22504,26,239.122977
24.931686,33,239.408803
16.404867,19,239.571035
13.67516,16,239.715843
8.865607,10,239.799014
12.047996,14,239.921686
20.176951,24,240.134809
28.789876,34,240.432989
20.42819,24,240.646815
20.722094,24,240.846087
24.817049,34,241.147892
7.879902,9,241.229074
30.045539,35,241.53495
21.184401,25,241.758941
29.398091,33,262.901451
28.0733,32,263.227174
21.783114,28,263.485238
28.756348,32,263.808851
28.712038,33,264.111338
24.628029,29,264.38998
29.293505,34,264.693999
25.201603,31,264.975979
18.311349,22,265.178782
24.73898,29,265.442136
27.178738,33,265.730579
23.755506,28,265.974318
23.241397,27,266.230092
8.879773,10,266.316625
26.242478,32,266.602849
27.432374,31,266.886821
27.684443,31,267.188886
22.044533,26,267.45102
30.212227,36,267.829219
18.151277,21,268.030701
21.309254,25,268.278995
29.79873,35,268.660913
23.542626,27,268.947562
29.228413,34,269.321879
29.539868,36,269.710292
17.711195,21,269.934178
24.850418,32,270.243582
26.984306,33,270.553025
29.432396,35,270.919511
22.245821,28,271.188474
17.862008,21,271.407972
27.754322,34,271.759452
26.96419,31,272.079671
21.160013,24,272.322988
13.008449,15,272.480276
23.116353,27,272.773585
16.875213,21,273.010794
28.69532,34,273.369529
30.712227,35,273.747081
29.74,34,274.116379
22.673769,27,274.428705
26.729509,33,274.762868
28.478743,35,275.145622
27.485246,32,275.474767
24.698415,35,275.809589
20.370226,24,276.018388
19.215178,24,276.249717
22.897393,27,276.4856
28.576757,34,276.818096
16.277354,19,277.005289
26.509867,32,277.311383
18.56215,22,277.515368
24.939944,29,277.791307
20.517881,26,278.031233
29.515524,36,278.382139
11.905197,14,278.509893
19.933713,24,278.730834
24.539409,34,279.072073
17.670373,22,279.28691
19.371665,23,279.498892
25.469781,33,279.798376
29.099758,35,280.128863
27.650989,34,280.443805
10.099466,12,280.549967
29.628894,35,280.871954
29.406672,34,281.212624
28.184445,32,281.557429
15.275102,18,281.715829
20.600233,25,281.95868
28.961945,34,282.313098
28.461017,33,282.631538
27.570174,33,307.074049
24.789857,29,307.481412
25.136862,35,307.870346
29.212226,34,308.237564
18.851197,23,308.453412
25.426865,34,308.794894
25.980719,31,309.112518
27.909686,34,309.450107
31.071864,35,309.821102
22.6681,26,310.077034
28.697862,35,310.406628
29.655771,34,310.743576
30.184435,35,311.086629
27.128026,33,311.441703
20.387583,27,311.706099
24.841987,35,312.053988
24.758637,34,312.407048
28.856828,36,312.764197
28.19576,35,313.136266
30.323214,35,313.503101
24.231772,28,313.800371
18.397026,22,314.019743
27.822927,32,314.355885
26.348976,32,314.689795
22.04735,25,314.958264
21.583025,28,315.246226
19.678696,25,315.5006
28.752578,36,315.869256
18.514862,22,316.079865
27.933582,34,316.440459
15.2042,19,316.635669
27.734666,34,316.998164
20.108938,26,317.254228
29.322424,34,317.616302
30.851116,36,318.027596
25.41963,30,318.367451
29.544059,35,318.732492
31.045527,36,319.152127
27.33383,33,319.488157
16.455417,21,319.728704
30.536239,36,320.095173
21.792325,27,320.372093
26.540686,31,320.707555
29.645991,35,321.049637
25.831827,36,321.421773
28.289876,35,321.804072
28.55177,36,322.165087
26.900124,34,322.534022
27.448317,34,322.887599
18.878841,23,323.133016
22.701706,29,323.473641
30.768322,35,323.860886
24.351742,32,324.212911
21.651342,28,324.537969
27.669244,34,324.885057
24.780726,29,325.19959
29.767167,34,325.579857
15.38126,18,325.775789
13.077197,15,325.911499
14.556032,16,326.090008
29.534693,35,326.508959
29.073329,34,326.837754
22.87803,27,327.105798
29.485322,35,327.499972
29.767759,35,327.888951
26.762098,32,328.2528
28.085147,35,328.624441
24.539138,34,357.860821
23.3019,28,358.25177
31.156665,36,358.769085
30.798584,36,359.251235
29.340435,35,359.664851
15.300452,19,359.898768
29.573153,35,360.319408
29.457543,35,360.715101
16.480771,21,360.973384
29.990005,36,361.379222
30.57329,36,361.822312
21.549163,28,362.170841
26.311685,36,362.594388
30.960174,36,363.058783
16.674466,21,363.30846
28.95644,36,363.733125
29.628717,35,364.155717
28.838143,35,364.55601
29.257421,36,365.009124
24.449265,34,365.414588
27.391462,34,365.825777
29.016882,34,366.26594
30.267388,36,366.745467
25.15599,34,367.168839
30.882313,36,367.638819
26.030594,32,368.03139
26.350401,31,368.434137
31.323151,36,368.876777
29.595438,36,369.325328
31.184449,36,369.806531
26.145909,31,370.2097
24.703187,33,370.597648
26.996611,34,371.006805
27.846118,34,371.42607
25.119741,35,371.832931
29.664476,34,372.238791
16.626831,21,372.507819
28.044539,32,372.90595
27.697652,33,373.333755
22.047294,30,373.708485
24.399465,31,374.108638
16.941228,20,374.34505
28.31766,35,374.795412
20.472273,24,375.085844
23.912921,28,375.450972
22.41733,26,375.765932
29.29052,35,376.215958
23.089396,28,376.57353
25.283928,36,377.013061
29.739607,35,377.455239
28.392762,36,377.927254
29.794626,35,378.40016
25.563292,35,378.839362
25.339484,36,379.290387
29.012105,36,379.728531
23.86412,31,380.157342
29.363203,35,380.59996
29.567646,36,381.031193
27.38777,31,381.410181
29.548806,35,381.877059
29.769335,34,382.29277
27.23888,32,382.680529
27.976095,35,416.800629
29.712149,35,417.424673
15.631059,18,417.690037
28.503873,35,418.206973
16.066271,21,418.480561
29.573056,35,418.952508
30.521201,36,419.412833
25.425187,35,419.857131
29.178772,36,420.351155
30.684449,36,420.859578
28.840753,35,421.26356
28.378239,36,421.785029
30.490005,36,422.280786
30.156657,35,422.733014
25.899946,31,423.13785
26.984243,32,423.553982
26.339089,36,424.01671
26.461297,32,424.404646
22.539876,27,424.745449
14.073941,17,424.940784
29.334887,34,425.386487
28.642759,35,425.831583
30.378894,36,426.263596
29.378612,35,426.736606
23.252943,30,427.118778
29.400918,36,427.620742
28.816758,35,428.050713
25.839483,36,428.494842
28.882302,35,428.961142
30.211832,36,429.41838
29.741456,35,429.888402
30.532827,36,430.3568
22.447452,29,430.714077
29.293571,34,431.153784
29.12321,36,431.578824
25.34826,33,431.988678
28.781651,36,432.421248
30.378894,36,432.843693
29.151885,34,433.283655
29.406669,35,433.728382
30.682396,35,434.177276
30.323338,36,434.62334
25.045451,30,435.027369
26.033928,36,435.475343
29.823338,35,435.901776
25.230746,35,436.326976
30.430433,36,436.775651
28.900994,36,437.594967
28.900994,36,438.017251
25.922817,36,438.445532
25.950595,36,438.883357
30.378894,36,439.329765
25.662211,31,439.807912
22.07198,26,440.12745
30.628894,36,440.567313
31.03488,35,441.094632
18.899708,22,441.405279
28.709968,35,441.860447
29.53881,35,442.307234
28.7054,35,442.762976
31.344207,36,443.238935
29.067654,36,443.69416
27.625237,32,444.095471
21.711099,26,444.402205
23.810049,30,444.765253
30.323332,35,445.219668
29.209573,36,479.104976
30.656672,36,479.6603
28.167711,33,480.14371
30.067442,36,480.632594
24.821902,30,481.034682
25.949671,35,481.494726
28.252799,35,481.971122
29.140708,36,482.434561
30.434399,35,482.865386
29.548979,35,483.327086
30.073262,36,483.802525
30.490005,36,484.249288
27.776968,34,484.655767
29.74137,35,485.070321
27.069116,30,485.436024
29.79556,35,485.874869
22.669675,29,486.224148
29.67976,35,486.667895
23.086342,30,487.053479
26.976098,33,487.454251
28.652827,34,487.883542
21.405342,28,488.207759
31.066602,36,488.636927
30.099063,36,489.073178
30.212227,36,489.542669
25.504429,35,489.972402
28.742574,35,490.416566
30.395091,36,490.855883
14.829567,18,491.070026
30.600721,36,491.533061
29.588176,36,491.98803
29.484154,36,492.430809
21.03917,27,492.766473
30.256881,35,493.231004
25.757976,35,493.65929
13.606165,16,493.834187
29.262105,36,494.279439
25.460198,33,494.655825
30.79556,36,495.115164
29.03971,36,495.532438
14.568942,17,495.732087
28.790866,34,496.14756
19.54387,23,496.416079
25.756151,36,496.848895
25.200595,36,497.296781
30.351116,36,497.775073
29.933549,36,498.211155
24.114832,35,498.652236
29.055598,35,499.092327
27.986456,35,499.512573
25.719042,31,499.876266
29.126635,36,500.299189
30.351116,36,500.766479
30.406657,36,501.199692
26.964483,33,501.612532
31.212227,36,502.067395
21.980717,26,502.393851
29.123216,36,502.849721
28.395971,34,503.295397
27.581024,33,503.703908
28.222747,35,504.126059
25.672817,36,504.565261
26.602578,32,538.848577
28.734326,35,539.342947
30.265715,36,539.857131
27.760841,34,540.351985
30.073338,36,540.81626
28.687464,36,541.298119
30.128894,36,541.793535
25.662061,36,542.252325
31.017783,36,542.722685
28.511537,35,543.15906
25.628759,35,543.584063
29.477065,36,544.028562
29.044696,35,544.479782
26.326672,30,544.878844
28.340435,34,545.319688
29.366045,34,545.746507
29.905771,36,546.197547
30.622156,36,546.631309
30.687868,36,547.08457
23.236276,30,547.441151
28.987746,36,547.862793
29.477951,35,548.294915
30.371459,36,548.746807
28.309034,35,549.187789
25.707761,34,549.590215
29.899409,36,550.072803
25.28055,30,550.442236
17.588011,21,550.723154
27.747459,33,551.106675
29.586218,35,551.5249
28.573815,34,551.953125
27.934256,32,552.377977
28.781651,36,552.816705
29.673916,36,553.250516
24.863701,35,553.685596
22.456889,29,554.05677
30.057935,35,554.498158
27.285772,32,554.906548
30.130259,36,555.364391
29.373216,36,555.819582
29.176718,36,556.290607
29.289728,35,556.708492
29.175818,36,557.163334
30.566069,35,557.6005
29.950808,35,558.015256
21.911069,27,558.34734
27.892762,35,558.798405
11.055827,13,558.96574
29.112536,36,559.419897
29.289883,36,559.861376
29.882312,35,560.299696
28.948387,36,560.76365
28.678772,35,561.219261
24.543152,32,561.635411
30.514465,36,562.097468
27.865086,33,562.520256
29.656276,35,562.956709
29.002132,36,563.372545
28.304136,34,563.794737
29.792863,35,564.265735
31.454965,36,598.759071
28.568384,34,599.292735
28.698317,36,599.794158
26.306047,35,600.260336
27.382899,34,600.69576
30.576757,35,601.146043
29.97765,35,601.650375
28.927507,36,602.084564
28.976095,36,602.524867
29.818801,35,602.981691
30.630259,36,603.432153
28.744819,33,603.813952
29.368138,36,604.231857
25.047121,30,604.620539
30.631412,36,605.067826
20.243593,28,605.386879
26.854534,32,605.804626
24.433503,32,606.194964
29.443021,35,606.623473
30.267783,36,607.062478
28.34385,35,607.501376
28.564312,35,607.946393
28.562452,36,608.402948
30.183549,36,608.870267
21.457474,28,609.211853
28.76776,33,609.625781
31.322073,36,610.066411
28.576526,36,610.566419
29.878816,35,611.019365
24.544614,32,611.421627
28.173621,33,611.845733
30.212227,36,612.324889
29.798958,35,612.767094
30.707644,35,613.230021
29.770676,36,613.68535
30.29556,36,614.171426
29.905054,35,614.634698
29.810484,35,615.065606
29.39894,36,615.500914
23.828883,28,615.86848
25.434882,35,616.303859
24.701045,35,616.76163
31.104535,36,617.222137
30.229324,36,617.688693
27.21846,33,618.087334
30.119883,35,618.529284
30.601116,36,618.973456
30.560603,36,619.42574
29.904223,35,619.875778
25.091986,35,620.332821
28.219359,35,620.779794
28.539084,33,621.187296
29.820212,35,621.62709
27.367996,33,622.029882
28.944957,35,622.466043
28.203201,35,622.90934
30.490005,36,623.354156
28.597272,35,623.76813
17.029466,22,624.042526
27.844294,33,624.469293
30.601116,36,660.518521
30.116918,36,661.045315
28.537399,35,661.507247
29.250555,36,662.020967
30.490005,36,662.499973
29.147823,34,662.960321
29.462054,35,663.432703
26.283028,36,663.924765
24.266913,29,664.28021
30.179706,36,664.770612
30.237952,36,665.213872
30.316074,36,665.674091
30.895991,36,666.129336
28.1862,35,666.589057
29.696566,34,666.989214
24.516918,29,667.335163
28.118375,35,667.754832
30.37763,36,668.211584
20.831243,25,668.533833
28.176157,35,668.974114
29.851116,35,669.396303
25.948317,33,669.771782
25.803567,31,670.133751
29.85384,34,670.562335
28.989853,34,670.952931
29.644242,35,671.361615
30.771201,36,671.781331
29.256363,35,672.230072
29.400994,36,672.665839
19.23745,23,672.945389
29.003478,36,673.381221
28.073674,34,673.802349
27.589616,33,674.24327
30.16009,36,674.69498
31.045546,36,675.135283
28.043287,35,675.562325
28.510521,35,675.999552
30.156672,36,676.445781
29.961653,35,676.929655
28.1355,36,677.392703
28.642686,36,677.86954
29.107197,34,678.311601
31.572943,36,678.755448
30.851116,36,679.202721
29.308345,36,679.626737
28.752973,36,680.056945
29.878286,35,680.474626
31.185642,36,680.899417
30.823338,36,681.360678
30.128894,36,681.818654
28.115306,34,682.263041
25.586577,32,682.661397
29.67969,35,683.117735
25.756596,35,683.557406
30.462227,36,683.995212
28.42346,33,684.361489
29.682017,36,684.797174
28.766287,36,685.245209
29.627829,35,685.705906
30.840435,36,721.507677
30.237952,36,722.069587
24.895488,35,722.532953
30.793507,36,723.080365
25.969751,33,723.53521
25.5122,36,724.01478
28.930299,34,724.470118
24.891898,32,724.888811
28.479514,36,725.355363
30.378894,36,725.811166
30.515729,36,726.245457
30.406672,36,726.688395
28.49203,36,727.118357
30.713885,35,727.562798
30.212227,36,728.020358
31.045554,36,728.471396
30.288297,36,728.914716
22.309428,29,729.254686
28.289513,34,729.694709
28.872934,35,730.127986
28.753873,36,730.58374
29.851116,36,731.035256
27.616819,34,731.470079
30.354535,36,731.923661
30.351116,36,732.38583
20.414678,25,732.672623
28.196047,34,733.083964
28.774984,35,733.518683
30.965646,36,733.934424
30.156672,36,734.41646
30.54556,36,734.854926
25.518565,36,735.30042
23.794614,30,735.676728
28.947417,36,736.133875
30.54556,36,736.55576
30.720798,36,737.012335
28.728614,36,737.461699
30.351116,36,737.907328
28.904413,36,738.621178
29.378894,35,739.065267
29.313817,36,739.487732
30.906672,36,739.938216
30.156672,36,740.379026
29.260521,35,740.900272
28.456888,35,741.346523
29.510834,36,741.829685
30.290979,36,742.366326
30.24184,35,742.851313
28.701736,36,743.297175
21.199904,28,743.645421
18.424142,22,743.921415
27.90615,33,744.372199
25.128336,35,744.808612
30.323338,36,745.27697
30.878894,36,745.778076
30.574309,36,746.227661
23.816196,31,746.618814
30.045539,35,747.057361
29.289883,36,747.493163
25.807023,36,747.928931
28.107328,36,748.354781
31.143037,36,748.804309
30.656672,36,749.218467
30.019516,36,785.499191
30.707645,36,786.017823
24.345897,34,786.490027
30.156672,36,786.948632
23.544614,30,787.333429
30.98999,36,787.786075
29.811919,35,788.250977
30.874211,36,788.688672
29.397151,36,789.165036
30.128721,36,789.568722
28.612899,35,789.959353
30.179766,36,790.365602
25.995571,36,790.756619
28.708308,35,791.117489
24.722451,29,791.510797
30.26761,36,791.935223
21.012099,25,792.242331
30.145252,36,792.695773
30.266222,35,793.094466
30.170815,36,793.570153
29.93633,36,794.028628
29.004843,36,794.452341
30.240005,36,794.884411
31.184449,36,795.314678
26.877751,33,795.69797
23.391898,30,796.02956
29.42303,35,796.43942
30.600548,35,796.879112
28.701736,36,797.293915
28.835201,36,797.733733
28.939182,34,798.172439
20.330613,25,798.500879
28.158342,34,798.916667
30.790876,36,799.344743
28.418132,34,799.773067
30.510521,36,800.220171
28.307207,34,800.625942
30.398146,36,801.054232
28.924929,36,801.463428
29.445869,36,801.864085
30.41009,36,802.276908
30.599063,36,802.663553
26.354002,31,803.037714
30.128894,36,803.433505
28.095778,35,803.803114
28.366207,35,804.181589
30.284141,36,804.53675
28.673958,36,804.962962
26.090403,35,805.310526
28.168836,34,805.667843
30.839171,36,806.05379
30.462227,36,806.459664
30.145991,36,806.802319
30.182395,36,807.193758
29.206549,36,807.574915
29.423639,35,807.939518
30.604535,36,808.334947
30.406672,36,808.696126
30.794993,36,809.105318
29.53488,35,839.68504
28.689933,35,840.220564
29.260052,36,840.724725
30.124211,36,841.183557
28.998585,35,841.646512
23.080104,30,841.993212
25.45196,36,842.43362
28.42054,36,842.858537
30.047395,35,843.292331
28.256067,35,843.692217
23.253009,30,844.05196
30.128894,36,844.513246
30.594319,36,844.969063
24.977472,36,845.375752
30.267783,36,845.814014
28.734327,36,846.251765
30.680606,36,846.676495
29.993424,36,847.090452
30.660076,36,847.536224
31.017783,36,847.982623
29.21419,35,848.4189
29.878894,36,848.884575
30.906657,36,849.334294
29.311919,35,849.728709
25.847723,34,850.114687
31.101116,36,850.539976
29.739951,35,850.966232
29.517758,35,851.38299
30.462227,36,851.821535
28.694474,36,852.294414
25.262072,35,852.706735
30.517768,36,853.133896
30.771187,36,853.578957
30.007102,36,854.02059
26.25624,35,854.449488
29.973349,36,854.911305
29.609582,36,855.356583
28.92054,36,855.797597
25.753473,35,856.219693
30.351116,36,856.68977
30.517783,36,857.171318
29.207371,35,857.631579
28.165857,35,858.058836
28.980484,36,858.527751
30.23961,36,859.012808
29.202705,36,859.491289
30.12505,36,859.960217
29.478586,35,860.417097
27.351657,35,860.860745
29.318756,35,861.33011
28.640708,36,861.782454
20.798199,25,862.114316
28.58336,36,862.547275
28.555585,36,862.994587
30.03488,36,863.427332
29.096804,36,863.871995
28.361636,35,864.318123
26.632182,33,864.729696
20.426419,28,865.069655
30.156667,35,901.10602
30.395991,36,901.615653
30.604535,36,902.128783
29.915243,35,902.631227
29.234279,36,903.101088
30.378894,36,903.596084
30.604535,36,904.05546
28.342121,35,904.49317
30.843854,36,904.962898
29.990005,36,905.430574
28.956549,36,905.884866
28.331344,34,906.296233
30.406672,36,906.747763
30.256363,36,907.184401
29.487746,36,907.660347
29.152359,36,908.088196
29.195869,36,908.527447
29.269776,36,908.950826
29.591692,35,909.349105
26.061706,36,909.765023
30.823338,36,910.176796
26.281218,33,910.580878
25.283928,36,911.031726
28.536285,35,911.474542
30.579856,36,911.951951
29.965646,36,912.391528
30.073338,36,912.87369
28.976095,36,913.318329
29.576756,34,913.74556
29.095438,36,914.175268
29.574178,36,914.594499
30.10285,36,915.025398
30.707503,35,915.479147
30.872157,36,915.92892
25.737841,36,916.343965
30.267783,36,916.831659
29.032621,36,917.299875
29.138919,36,917.765177
28.448317,36,918.225413
30.038299,36,918.696735
26.853079,32,919.102217
28.881505,35,919.551751
30.79556,36,920.00329
28.432169,35,920.421529
30.720798,36,920.867804
24.978373,36,921.315159
29.279202,36,921.739781
30.240005,36,922.191612
24.956458,35,922.599883
30.184449,36,923.009625
26.078065,36,923.417811
29.199288,36,923.816092
30.490005,36,924.218916
29.059428,36,924.627846
29.373216,36,925.040055
30.54556,36,925.42867
26.089484,36,925.858915
28.979341,36,957.831097
30.173769,36,958.464963
30.812643,36,958.962381
28.583363,36,959.370798
29.275885,36,959.767386
29.558345,36,960.161203
28.233294,33,960.570777
28.793301,35,961.029538
29.121163,36,961.450326
29.06766,36,961.956106
29.330075,36,962.392962
29.599006,35,962.88006
29.390313,36,963.289311
31.031562,36,963.74891
30.158037,36,964.247759
28.99919,36,964.658482
30.517783,36,965.121734
28.715415,36,965.632104
30.378894,36,966.088698
30.767783,36,966.546611
30.017783,36,966.977113
30.297294,36,967.424404
29.234321,36,967.846729
30.269516,36,968.315713
30.51394,36,968.757209
30.406672,36,969.216197
30.240005,36,969.699126
30.184914,36,970.107445
31.01353,36,970.581163
28.837206,36,970.997365
31.182396,36,971.425755
30.788299,36,971.909114
28.993192,36,972.363129
30.488741,36,972.834309
28.729514,36,973.328941
27.837206,35,973.780684
29.159853,36,974.263465
29.103039,36,974.727813
29.373216,36,975.166705
29.956549,36,975.642004
28.809428,36,976.109328
30.489957,36,976.607882
29.260841,36,977.102145
29.119373,36,977.613174
30.632313,36,978.104018
30.656672,36,978.630945
29.123216,36,979.106489
30.851116,36,979.579201
29.547395,35,980.0477
23.669675,30,980.421887
28.995347,36,980.916711
25.67054,33,981.351966
30.378894,36,981.852365
29.225195,36,982.35763
30.41009,36,982.843014
24.503009,31,983.298654
25.378336,35,983.763507
30.465646,36,984.195211
29.728431,36,1014.040449
24.758504,30,1014.414728
20.316557,27,1014.765269
28.186373,35,1015.175746
29.827548,35,1015.570894
29.393732,36,1015.956508
29.083363,36,1016.354946
28.390708,36,1016.732548
30.898146,36,1017.117784
30.957645,36,1017.520346
28.897151,36,1017.877841
30.571143,36,1018.25536
28.812847,36,1018.623905
30.378894,36,1018.98425
30.823338,36,1019.354801
30.323338,36,1019.71785
30.29556,36,1020.058658
29.537829,36,1020.412906
28.31766,35,1020.735672
30.212227,36,1021.112759
28.450152,35,1021.475401
30.431132,35,1021.836994
30.642673,36,1022.203029
28.142762,35,1022.544739
30.94481,36,1022.94387
30.437868,36,1023.329101
29.147151,36,1023.663597
30.156672,36,1024.063721
30.656672,36,1024.435572
28.337206,36,1024.820191
31.04556,36,1025.53233
30.684449,36,1025.888662
30.819495,36,1026.267787
28.776968,36,1026.623296
30.517783,36,1027.005893
28.723748,35,1027.44516
28.539883,35,1027.838986
28.270676,35,1028.194023
30.184449,36,1028.641682
30.406672,36,1029.031874
29.235693,36,1029.410117
29.201736,36,1029.774161
17.781733,21,1029.991966
29.023125,36,1030.367786
30.906672,36,1030.752689
24.582139,28,1031.04013
29.123216,36,1031.424545
28.309428,36,1031.815334
29.144496,36,1032.208072
28.67054,36,1032.579074
29.55698,36,1032.976751
29.404412,36,1033.357841
30.493424,36,1033.801973
30.097273,36,1034.176205
30.61353,36,1034.563856
30.434449,36,1034.940371
25.228373,36,1035.33182
28.837276,35,1035.705155
30.259236,35,1036.092463
29.543301,36,1036.47516
25.561706,36,1036.864565
30.767783,36,1037.240277
29.728431,36,1071.397156
29.461327,35,1071.984011
30.822943,36,1072.528389
30.451547,36,1073.083938
30.287034,36,1073.572982
30.016882,36,1074.094512
30.601116,36,1074.658242
25.478373,36,1075.153204
28.063079,34,1075.562969
29.534141,35,1076.019782
29.720798,35,1076.460063
30.793507,36,1076.951341
30.517783,36,1077.388356
30.934449,36,1077.88874
29.181796,36,1078.329499
29.368634,36,1078.823109
29.851116,36,1079.284451
29.898146,36,1079.729223
28.951563,36,1080.199365
30.128894,36,1080.619115
28.841595,36,1081.037804
30.462227,36,1081.573735
30.628894,36,1082.057683
28.680607,35,1082.506453
30.048979,36,1082.979247
30.406672,36,1083.502928
23.489058,30,1083.871597
29.297484,36,1084.352583
30.572074,36,1084.809257
30.267783,36,1085.353463
30.351116,36,1085.838137
29.739105,35,1086.326374
29.234327,36,1086.798906
30.51394,36,1087.313694
30.819495,36,1087.796546
30.76394,36,1088.28322
30.184449,36,1088.784861
28.50003,36,1089.212685
29.064343,36,1089.664972
31.182396,36,1090.129631
30.351116,36,1090.638832
30.823338,36,1091.085745
28.656006,34,1091.580866
29.206549,36,1092.00725
30.241739,36,1092.529257
30.323338,36,1092.972633
30.434449,36,1093.474581
30.760521,36,1093.97146
29.293301,36,1094.451763
29.400994,36,1094.889037
29.283986,36,1095.353497
30.576756,36,1095.877449
30.132313,36,1096.374433
30.187868,36,1096.865147
29.31766,36,1097.368117
29.74,35,1097.857158
30.740005,36,1098.315152
28.99919,36,1134.725305
30.663189,36,1135.282562
30.335752,36,1135.810275
28.753873,36,1136.258747
30.892673,36,1136.718643
30.589171,36,1137.150854
28.751424,36,1137.582377
29.699288,36,1137.982738
29.173954,36,1138.341662
29.265524,36,1138.738606
30.791717,36,1139.145375
30.878894,36,1139.524492
30.057021,36,1139.912853
28.813817,36,1140.319228
29.487746,36,1140.713041
30.628894,36,1141.13277
30.434449,36,1141.536541
31.101116,36,1141.994788
29.256363,35,1142.391579
29.462227,35,1142.821954
13.070416,16,1143.010819
28.745347,36,1143.447185
23.456281,30,1143.786733
30.020507,35,1144.204416
29.693021,35,1144.618857
29.003873,36,1145.051743
29.360482,36,1145.443447
29.645411,36,1145.865746
30.621632,36,1146.269485
29.934449,36,1146.702393
31.405771,36,1147.141376
25.228822,35,1147.554431
29.378894,35,1147.968368
30.41009,36,1148.399684
29.28604,36,1148.852059
23.794614,30,1149.213706
28.772336,36,1149.628468
30.287034,36,1150.058918
30.493424,36,1150.499907
29.154413,36,1150.894069
29.347172,36,1151.339063
30.274301,36,1151.776893
30.573338,36,1152.193654
30.917032,36,1152.633812
29.465121,36,1153.047814
30.962227,36,1153.494109
29.803231,35,1153.930122
27.378499,33,1154.353249
29.304132,35,1154.795235
30.707544,36,1155.258011
30.684449,36,1155.670265
29.146181,36,1156.134208
29.91009,36,1156.552929
25.837431,36,1156.998373
30.454965,36,1157.48709
29.309428,36,1157.937894
29.622316,36,1158.39171
29.021201,35,1158.854624
29.541608,35,1193.739921
31.229324,36,1194.238293
29.381342,36,1194.712696
28.476095,36,1195.159928
30.154618,36,1195.605527
30.395991,36,1196.052172
29.168091,36,1196.455912
26.932183,33,1196.835268
28.567537,35,1197.271317
31.017783,36,1197.670486
30.891308,36,1198.073144
28.949683,36,1198.4708
31.107634,36,1198.866886
28.214676,35,1199.236015
30.212227,36,1199.616832
25.384359,36,1199.974343
29.298454,36,1200.368142
29.202706,36,1200.764249
29.878893,35,1201.148977
30.186284,35,1201.514041
28.67054,36,1201.913255
28.905176,36,1202.29811
29.40209,35,1202.677058
29.408333,35,1203.038154
28.811162,36,1203.466305
25.700595,36,1203.848735
29.770676,36,1204.246917
29.373216,36,1204.665878
31.171542,36,1205.036836
30.548979,36,1205.464428
31.015729,36,1205.886015
31.288824,36,1206.300521
30.767783,36,1206.735948
29.466403,35,1207.12462
30.793507,36,1207.541245
30.760521,36,1207.929701
29.35401,36,1208.337336
31.407137,36,1208.737103
30.305021,35,1209.136791
29.712173,35,1209.539537
30.54556,36,1209.919121
28.607853,35,1210.313511
29.270676,36,1210.721712
29.515522,36,1211.120376
30.831909,36,1211.537694
30.457645,35,1211.93903
31.017783,36,1212.363318
26.114945,33,1212.746457
25.728373,36,1213.146607
28.92054,36,1213.546273
30.840435,36,1213.959878
30.463961,36,1214.363024
25.75152,36,1214.776577
30.776354,36,1215.227906
30.878894,36,1215.683347
28.581398,35,1216.099373
30.698229,36,1216.52417
29.166697,36,1216.970469
28.864984,36,1252.059865
30.298979,36,1252.588472
28.187343,35,1253.051435
28.948317,36,1253.533695
30.044296,36,1253.990482
30.29287,36,1254.420799
28.766287,36,1254.831479
30.295241,36,1255.26328
29.071079,36,1255.695098
31.100216,36,1256.116601
29.218833,36,1256.540098
30.239685,36,1256.979475
30.906672,36,1257.395083
30.010521,36,1257.829753
29.947234,36,1258.256585
30.184449,36,1258.681019
30.538824,35,1259.093867
28.833889,36,1259.494968
30.712227,36,1259.873135
29.090625,36,1260.284941
30.29556,36,1260.713948
28.57868,36,1261.115718
30.214746,36,1261.539003
30.01394,36,1261.951749
30.220798,36,1262.406413
23.433503,30,1262.766395
29.119373,36,1263.195722
28.392762,36,1263.628072
30.288299,36,1264.051741
29.063817,36,1264.484122
29.576232,36,1264.939978
30.200808,36,1265.359848
30.453701,36,1265.800974
25.86978,36,1266.258663
30.573338,36,1266.710994
28.080118,33,1267.103871
30.437868,36,1267.563809
30.212227,36,1268.020676
28.658595,36,1268.475752
30.16009,36,1268.899926
29.79556,36,1269.362072
28.845438,36,1269.820545
29.482613,36,1270.279576
31.404618,36,1270.732358
31.117474,36,1271.175623
25.148458,36,1271.62092
30.212227,36,1272.046771
30.737952,36,1272.523094
28.893732,36,1272.972589
28.983063,36,1273.425873
28.568,35,1273.868627
28.446264,36,1274.32292
28.954496,36,1274.772332
30.561919,35,1275.240711
30.510146,35,1275.695482
30.61353,36,1276.136337
30.767783,36,1276.588953
30.457645,36,1308.546713
29.039883,36,1308.920536
29.968745,35,1309.279755
28.888079,36,1309.664616
28.900994,36,1309.984733
28.604304,36,1310.367749
31.017783,36,1310.734207
30.101116,36,1311.078056
30.351116,36,1311.423647
30.075072,36,1311.768149
30.486162,36,1312.101729
30.974641,36,1312.478629
28.575787,36,1312.81963
25.591319,36,1313.175183
30.854535,36,1313.538827
31.393938,36,1313.905917
28.706889,36,1314.266853
31.380259,36,1314.623579
29.059428,36,1314.9654
30.767783,36,1315.350249
28.673958,36,1315.70805
30.323338,36,1316.053853
29.173721,35,1316.429012
31.156596,36,1316.828123
31.043507,36,1317.26223
30.08785,36,1317.617858
30.534141,35,1317.972732
25.478373,36,1318.3144
29.779202,36,1318.652018
28.614984,36,1319.041022
29.254843,36,1319.407581
30.307975,36,1319.754668
30.788299,36,1320.167758
30.213061,36,1320.562669
28.792862,34,1320.909275
29.990005,36,1321.278936
29.422035,36,1321.668086
30.930606,36,1322.045676
30.04556,36,1322.419978
24.916081,36,1322.824462
28.474831,36,1323.203152
30.057975,36,1323.572803
28.559428,36,1323.947883
30.401665,36,1324.310974
28.982274,36,1324.678159
30.479324,36,1325.032204
29.465121,36,1325.409373
28.762105,36,1325.768807
28.516287,36,1326.136041
28.836123,36,1326.482252
29.251251,36,1326.868421
30.611477,36,1327.2527
29.270676,36,1327.610271
29.209968,36,1327.970771
31.11353,36,1328.37189
30.434449,36,1328.771471
30.54556,36,1329.189688
29.254843,36,1329.570626
26.450595,36,1329.94842
28.972382,36,1330.312047
25.728373,36,1330.688795
29.39894,36,1331.069929
25.728373,36,1364.410723
30.593479,36,1364.950704
31.04556,36,1365.488517
30.498576,35,1365.968431
30.369579,36,1366.458683
29.062977,36,1366.942064
29.537829,36,1367.393724
29.254843,36,1367.86897
28.788982,35,1368.305811
30.962227,36,1368.787228
31.017783,36,1369.258487
29.140708,36,1369.688217
29.950808,35,1370.136345
30.158506,35,1370.537603
30.572438,36,1370.943184
28.693634,36,1371.373631
28.10401,35,1371.796482
29.432954,36,1372.24351
28.87495,36,1372.664802
30.406638,36,1373.122427
30.708384,36,1373.589229
30.656672,36,1374.046422
30.54556,36,1374.514736
30.29556,36,1375.000992
29.473647,36,1375.461506
30.64941,36,1375.943475
30.965646,36,1376.459217
30.16009,36,1376.979279
29.624483,35,1377.459235
25.091987,35,1377.941681
30.946864,36,1378.424191
30.621632,36,1378.891714
30.566076,36,1379.342307
31.156672,36,1379.795352
28.781651,36,1380.264414
29.258262,36,1380.71436
31.391308,36,1381.185754
31.173769,36,1381.649291
29.004843,36,1382.14476
24.808958,35,1382.613714
30.684449,36,1383.049186
30.406672,36,1383.447074
30.776354,36,1383.897258
30.604535,36,1384.368721
29.18219,36,1384.796316
29.047484,36,1385.245129
30.498576,35,1385.663433
28.77097,36,1386.109869
30.296037,36,1386.581822
30.288299,36,1387.03298
29.962227,35,1387.487233
29.934449,36,1387.972822
30.318655,36,1388.414968
30.212227,36,1388.907344
30.517783,36,1389.35271
28.797484,36,1389.760562
30.89941,36,1390.180342
30.462227,36,1427.465203
31.325857,36,1428.013877
30.984109,36,1428.559352
29.62731,35,1429.054127
29.095778,36,1429.541889
31.372157,36,1430.037437
30.850796,36,1430.50252
28.516287,36,1430.953845
30.687868,36,1431.38591
28.281651,36,1431.812499
30.445963,36,1432.213874
29.631163,35,1432.649617
30.954065,36,1433.070501
30.673769,36,1433.512436
28.794065,36,1433.983072
31.324704,36,1434.439365
29.052297,36,1434.871304
30.128894,36,1435.319207
31.019148,36,1435.751159
30.628894,36,1436.219517
30.14941,36,1436.655316
29.119373,36,1437.077279
31.512199,36,1437.547355
30.104535,36,1438.026563
29.9569,35,1438.419444
29.351116,35,1438.851198
28.866718,36,1439.303486
30.601116,36,1439.740421
29.265524,36,1440.181528
30.130628,36,1440.608355
30.490005,36,1441.083269
31.149035,36,1441.549336
30.644727,36,1441.987815
30.76394,36,1442.446023
29.020676,36,1442.893686
31.24137,36,1443.320981
30.729324,36,1443.74821
30.925134,36,1444.159863
29.427058,36,1444.568058
30.322074,36,1445.003867
30.632313,36,1445.406023
31.187868,36,1445.811003
30.002419,36,1446.232341
25.897246,36,1446.625889
30.767783,36,1447.029855
30.298979,36,1447.41807
30.937868,36,1447.855011
30.241739,35,1448.243389
30.434449,36,1448.651317
28.337206,36,1449.064992
30.207544,36,1449.457277
30.919086,36,1449.857224
29.333624,35,1450.237603
29.533146,36,1450.623563
29.663408,36,1451.039403
29.706549,36,1451.448137
30.429766,36,1451.896873
28.706889,36,1486.281927
30.908506,36,1486.719596
23.36412,30,1487.086491
28.678452,35,1487.428105
31.212227,36,1487.811763
29.123216,36,1488.199481
30.271201,36,1488.556345
28.984327,36,1488.92304
29.686284,35,1489.253533
28.67054,36,1489.615201
30.932396,36,1489.994802
25.87068,36,1490.376376
28.753872,36,1490.742932
30.5131,36,1491.135333
30.436284,35,1491.511467
29.304132,35,1491.866278
28.611797,35,1492.217875
29.480484,36,1492.563859
23.808564,31,1492.893902
29.304745,36,1493.250938
28.67054,36,1493.623351
30.62684,36,1494.015378
30.259257,36,1494.395111
30.84438,36,1494.791184
30.232743,36,1495.19242
29.695869,36,1495.554348
30.434449,36,1495.958696
31.24184,36,1496.343476
21.343948,28,1496.635436
29.42061,36,1497.045633
29.227065,36,1497.408122
30.368109,36,1497.798581
28.877398,36,1498.17808
30.37684,36,1498.556695
28.586301,34,1498.923841
29.74184,35,1499.314939
26.306887,36,1499.67698
29.951968,36,1500.048661
29.81766,36,1500.428304
31.158037,36,1500.820396
29.364984,36,1501.205547
30.521201,36,1501.616725
29.389049,36,1502.01721
29.659565,36,1502.396717
29.532621,36,1502.749784
29.35401,36,1503.146441
30.982743,36,1503.529549
25.385598,35,1503.914772
29.225801,36,1504.297066
29.42151,36,1504.656923
30.601116,36,1505.067073
31.173769,36,1505.459385
30.231374,36,1505.819301
25.95058,36,1506.199467
28.828021,36,1506.584672
30.530197,36,1506.983443
29.282621,36,1507.381431
30.929766,36,1507.809238
30.894727,36,1543.742718
31.203701,36,1544.287192
31.292607,36,1544.81542
28.179111,35,1545.313126
29.878894,36,1545.775423
29.35401,36,1546.225418
30.954965,36,1546.714446
30.59438,36,1547.126855
29.119373,36,1547.557836
29.625051,36,1548.010927
30.156672,36,1548.486555
25.450595,36,1548.918279
29.668091,36,1549.377435
29.088176,36,1549.798268
30.573338,36,1550.25356
25.60387,34,1550.661258
31.37594,36,1551.118084
30.380628,36,1551.587308
29.35401,36,1552.021413
31.204965,36,1552.465142
30.637465,36,1552.893014
28.877398,36,1553.358549
29.048454,36,1553.795986
30.628894,36,1554.2463
28.252968,34,1554.632674
25.506151,36,1555.103987
24.957113,36,1555.517144
31.128894,36,1556.003454
31.348162,36,1556.477991
30.948229,36,1556.990308
30.54466,36,1557.48772
30.243424,36,1558.040585
30.434449,36,1558.489112
30.372157,36,1558.990429
28.948317,36,1559.485079
30.990005,36,1559.984396
30.502419,36,1560.469466
28.053567,34,1560.899596
30.767783,36,1561.365204
29.441186,36,1561.807536
29.742898,36,1562.236515
30.354535,36,1562.639251
31.37684,36,1563.057464
29.484666,36,1563.506891
28.835942,36,1563.92467
28.349621,36,1564.339602
28.849621,36,1564.787775
30.769516,36,1565.256331
31.264829,36,1565.698324
30.151989,36,1566.153864
29.163408,36,1566.610659
30.628894,36,1567.110313
29.86469,36,1567.578651
29.878894,36,1568.052669
31.101116,36,1568.483912
30.656672,36,1568.909331
30.165243,35,1569.335602
28.606458,36,1600.696528
30.709273,36,1601.144704
28.992898,36,1601.505798
29.012105,36,1601.847341
30.316602,36,1602.212919
30.032621,36,1602.565698
29.854535,36,1602.915847
29.990005,36,1603.246814
30.601116,36,1603.598812
25.339484,36,1603.923183
30.374211,36,1604.204361
29.305716,36,1604.521823
24.058564,31,1604.807373
30.483269,36,1605.107207
31.37594,36,1605.419496
28.242898,35,1605.73348
30.919086,36,1606.071446
28.956889,36,1606.549856
31.37594,36,1606.87217
29.341595,36,1607.216278
28.965121,36,1607.525244
28.897151,36,1607.857225
28.460732,36,1608.1753
28.865954,36,1608.490185
25.415555,36,1608.836209
28.571843,36,1609.206639
30.587118,36,1609.569104
28.650994,35,1609.911299
29.265524,36,1610.238485
30.161434,36,1610.583175
28.559428,36,1610.917242
28.550902,36,1611.231209
30.346433,36,1611.568152
30.156672,36,1611.923895
30.378894,36,1612.283102
29.198317,36,1612.602453
28.873216,36,1612.933506
29.039774,36,1613.24775
30.823338,36,1613.596235
29.762105,36,1613.927474
31.323338,36,1614.285939
29.590537,35,1614.63657
30.825072,36,1614.978558
31.431496,36,1615.318774
29.314707,36,1615.656321
29.712227,36,1615.972774
29.623216,36,1616.347298
25.865208,36,1616.659634
28.726095,36,1617.005583
29.055716,36,1617.353492
30.526354,36,1617.686323
29.083363,36,1618.038006
30.922505,36,1618.356961
30.011046,36,1618.70818
30.514829,36,1619.00806
30.462227,36,1619.372523
28.809428,36,1619.710243
30.54556,36,1620.063419
28.340625,36,1620.404108
26.442456,33,1620.710547
30.498576,36,1621.055601
25.339483,36,1621.399081
30.321285,36,1650.605675
31.405771,36,1651.038834
30.990005,36,1651.4315
31.101116,36,1651.864123
28.682954,36,1652.264044
29.990005,36,1652.649278
30.156672,36,1653.059033
30.156672,36,1653.453135
30.073338,36,1653.867913
28.131787,35,1654.239078
30.073338,36,1654.645786
31.431496,36,1655.001891
29.146311,36,1655.396648
30.240005,36,1655.821215
29.470798,35,1656.213783
29.429766,35,1656.587997
28.46415,36,1656.982187
30.649935,36,1657.367832
30.823338,36,1657.75539
29.874211,36,1658.131847
30.05414,36,1658.53916
30.297294,36,1658.957699
30.062658,36,1659.362032
29.69513,36,1659.750812
28.821079,36,1660.141014
28.932954,36,1660.51106
27.970329,35,1660.867879
28.710732,36,1661.223144
29.340755,36,1661.608723
29.79556,36,1661.990298
30.562658,36,1662.397145
29.950282,36,1662.822467
29.456549,36,1663.237823
30.882313,36,1663.660514
30.101116,36,1664.063944
30.511046,36,1664.479142
30.505838,36,1664.911623
30.323338,35,1665.330346
29.033146,36,1665.725101
29.373216,36,1666.106678
29.06766,36,1666.481292
30.767783,36,1666.888541
30.476007,36,1667.312407
28.559428,36,1667.714861
30.609687,36,1668.136707
29.099621,36,1668.547435
28.760146,34,1668.972614
29.81766,36,1669.381896
29.712227,36,1669.814683
29.590755,36,1670.218319
30.788824,36,1670.638561
29.338702,36,1671.051307
30.04556,36,1671.458976
29.279202,36,1671.853591
29.767117,35,1672.25877
25.256151,36,1672.66714
22.990103,30,1673.040369
29.43219,36,1710.076445
30.427713,36,1710.614022
24.742334,31,1711.06366
24.783928,36,1711.546519
28.503873,36,1712.041644
28.943634,36,1712.50899
30.073338,36,1712.965317
30.540877,36,1713.421593
28.585942,36,1713.853783
22.634282,32,1714.249981
30.823338,36,1714.717532
30.628894,36,1715.208388
28.931941,35,1715.654628
30.267783,36,1716.099773
30.173769,36,1716.566488
29.85817,35,1716.994069
29.33144,35,1717.427851
30.01394,36,1717.888099
30.462227,36,1718.327386
29.371163,36,1718.765542
29.706549,36,1719.223356
23.295659,30,1719.599108
29.444605,36,1720.059437
30.117474,36,1720.529783
30.030197,36,1720.95011
31.265729,36,1721.415689
30.628894,36,1721.873021
30.555021,36,1722.339031
30.959273,36,1722.767946
30.702912,36,1723.228876
30.490005,36,1723.688846
23.823437,30,1724.070879
31.212227,36,1724.552344
30.87331,36,1725.024216
29.79556,36,1725.490065
28.977591,36,1725.930955
31.264829,36,1726.407967
30.351116,36,1726.889037
30.260521,36,1727.317509
30.628894,36,1727.775812
29.277938,36,1728.230148
30.287034,36,1728.667059
30.906672,36,1729.140439
30.558522,36,1729.575773
29.31766,36,1730.029602
29.071843,36,1730.45048
30.372157,36,1730.916049
30.114896,35,1731.343251
30.212227,36,1731.812062
30.156672,36,1732.27615
30.267783,36,1732.690969
27.162014,35,1733.138417
30.656672,36,1733.605761
27.382313,33,1734.012262
30.587118,36,1734.451539
28.642762,36,1734.911314
30.212227,36,1735.39041
30.331909,36,1735.824515
30.267783,36,1773.139542
30.47806,36,1773.669037
30.906672,36,1774.162832
28.924929,36,1774.670179
30.732743,36,1775.16964
30.311393,36,1775.672554
27.788299,33,1776.115837
29.393732,36,1776.57212
31.458384,36,1777.035173
29.426718,36,1777.466647
31.184449,36,1777.878589
30.260521,36,1778.309916
30.878894,36,1778.749439
29.583493,36,1779.18674
30.677713,36,1779.638425
31.54556,36,1780.110255
30.298979,36,1780.569072
29.131787,36,1781.008213
29.650994,36,1781.415556
30.901989,36,1781.849597
30.395252,36,1782.322405
30.236161,36,1782.770108
30.252419,36,1783.138957
29.126635,36,1783.578369
30.392673,36,1784.006589
28.471412,36,1784.443516
29.027938,36,1784.875694
30.457544,36,1785.334272
28.575261,36,1785.794268
29.437343,36,1786.230087
23.21128,30,1786.601308
29.222382,36,1787.040875
30.516518,36,1787.522526
29.087206,36,1787.975391
28.6355,36,1788.444027
29.456549,36,1788.874708
30.235322,36,1789.33413
24.839484,36,1789.799937
30.184449,36,1790.248267
30.240005,36,1790.691264
24.950595,36,1791.151049
30.402829,36,1791.626185
28.956549,36,1792.065974
30.319495,36,1792.521959
30.656672,36,1792.987026
28.400712,35,1793.406737
29.818655,36,1793.874676
30.79556,36,1794.332944
30.427188,36,1794.792686
25.18865,36,1795.2267
30.601116,36,1795.700565
25.120677,36,1796.144291
30.712227,36,1796.618975
30.323338,36,1797.11851
29.612536,36,1797.571444
30.489896,36,1798.039471
25.377947,32,1798.444144
30.215646,36,1830.377957
30.676813,36,1830.812612
29.409565,36,1831.166176
30.311393,36,1831.519196
30.462227,36,1831.865987
23.530787,31,1832.165811
31.104535,36,1832.53198
29.357722,36,1832.93876
31.177188,36,1833.344017
29.628894,35,1833.718518
29.742898,36,1834.076585
31.240005,36,1834.448233
30.351116,36,1834.8205
30.283616,36,1835.164025
28.687637,36,1835.543648
30.212227,36,1835.895151
29.548454,36,1836.223155
25.403685,35,1836.555426
30.589697,36,1836.947408
30.693021,36,1837.318509
29.532621,36,1837.676653
30.240005,36,1838.064804
25.339484,36,1838.419579
30.425923,36,1838.763577
28.794065,36,1839.127733
31.128894,36,1839.507017
29.13563,36,1839.867588
29.473647,36,1840.227205
24.308564,31,1840.535854
30.54556,36,1840.911422
30.990005,36,1841.283497
30.323338,36,1841.669413
25.061706,36,1842.057499
29.539883,36,1842.406575
30.28488,36,1842.787361
28.881787,36,1843.155003
30.906389,35,1843.50351
30.267783,36,1843.882077
29.400994,36,1844.224234
29.191186,36,1844.589994
30.642673,36,1844.965265
28.699288,36,1845.319807
29.565607,36,1845.684732
31.937868,36,1846.041328
30.331909,36,1846.402516
30.267783,36,1846.786353
31.351116,36,1847.159152
31.406672,36,1847.564635
31.128894,36,1847.954873
30.543507,36,1848.353829
30.427188,36,1848.743983
30.462227,36,1849.149813
30.29556,36,1849.529438
31.204965,36,1849.909552
30.655407,36,1850.309444
29.334758,36,1850.688094
29.206549,36,1851.066427
31.354535,36,1883.671936
28.477065,35,1884.185377
29.003873,36,1884.701639
30.882313,36,1885.226522
30.590435,36,1885.699757
30.406672,36,1886.155111
30.915243,36,1886.645711
30.651989,36,1887.135071
29.576232,36,1887.618954
30.517783,36,1888.089664
29.087206,36,1888.920391
29.520676,36,1889.341888
31.180606,36,1889.757223
29.58144,36,1890.171982
29.504843,36,1890.583824
29.851115,35,1891.043056
30.432396,36,1891.490469
30.436183,36,1891.982889
30.300455,36,1892.487974
29.618533,36,1892.926168
29.915243,35,1893.39868
31.39941,36,1893.899448
31.798979,36,1894.35387
30.609687,36,1894.785295
28.276968,36,1895.21623
31.033616,36,1895.664479
23.100169,30,1896.046088
29.31766,36,1896.483542
28.451736,36,1896.927967
30.490005,36,1897.382242
30.601116,36,1897.825328
29.704496,36,1898.277191
30.101116,36,1898.747739
30.378894,36,1899.186672
30.212227,36,1899.639639
29.838176,36,1900.093899
25.176236,36,1900.5385
28.474831,36,1900.978165
30.243424,36,1901.422234
29.937343,36,1901.89426
30.644727,36,1902.334107
31.937868,36,1902.794001
30.288299,36,1903.266307
31.093854,36,1903.740685
31.351116,36,1904.240166
30.371237,36,1904.698514
29.415243,35,1905.153172
30.774301,36,1905.606901
30.656672,36,1906.002905
26.006151,36,1906.445241
23.572391,30,1906.817341
30.04556,36,1907.256802
30.30413,36,1907.692602
30.684449,36,1908.131181
28.503873,36,1908.592887
28.839171,34,1909.043816
29.277938,36,1909.53152
28.992898,36,1909.975541
30.601116,36,1910.449301
29.204496,36,1910.891483
29.450808,35,1911.335413
28.702706,35,1911.750621
30.62684,36,1949.880905
29.456549,36,1950.40468
29.990005,36,1950.933425
30.16009,36,1951.443574
28.531651,36,1951.928102
28.991928,36,1952.394401
30.622157,36,1952.886286
30.573338,36,1953.358328
31.149935,36,1953.818141
22.239965,26,1954.115574
31.146092,36,1954.556715
30.933154,36,1954.967612
30.406672,36,1955.375645
29.965121,36,1955.75067
29.313817,36,1956.123265
28.67054,36,1956.513974
31.212227,36,1956.920347
30.766518,36,1957.341832
31.12594,36,1957.731762
28.726095,36,1958.143276
29.348857,36,1958.54259
30.36353,36,1958.928883
29.279202,36,1959.316291
31.04556,36,1959.736485
29.484327,36,1960.137239
31.351116,36,1960.538967
30.573338,36,1960.943409
24.954237,34,1961.313275
30.156672,36,1961.717538
29.5352,36,1962.110935
29.992898,36,1962.519645
30.454965,36,1962.931943
29.758262,36,1963.348086
28.488509,36,1963.718186
30.573338,36,1964.111827
30.677188,36,1964.49752
30.326757,36,1964.880985
30.460174,36,1965.250244
31.041717,36,1965.621072
30.934449,36,1965.974533
30.015524,36,1966.316144
30.840435,36,1966.696413
29.174929,36,1967.038875
28.642762,36,1967.416534
31.017783,36,1967.80888
31.246523,36,1968.163814
29.61353,35,1968.528503
26.200595,36,1968.908629
30.434449,36,1969.302258
21.809428,28,1969.567548
30.859687,36,1969.975069
30.517735,36,1970.391951
29.230484,36,1970.785787
31.073338,36,1971.173967
27.8855,35,1971.527318
31.500366,36,1971.916937
29.128764,36,1972.292762
23.739058,30,2004.816722
28.074802,34,2005.321748
28.460732,36,2005.835955
29.35401,36,2006.341752
30.573324,36,2006.833769
28.753873,36,2007.305241
29.353792,35,2007.783663
30.184449,36,2008.257817
30.960174,36,2008.745422
29.321843,36,2009.193213
29.465121,36,2009.647347
29.931132,35,2010.089479
29.206549,36,2010.532264
29.862536,36,2010.951946
31.432396,36,2011.390645
28.430722,35,2011.809373
29.571079,36,2012.243501
30.656672,36,2012.687962
29.462227,35,2013.112134
31.128894,36,2013.577219
31.099063,36,2014.008496
28.769706,36,2014.451168
26.009569,36,2014.908304
29.706549,36,2015.360921
30.887465,36,2015.812461
30.212227,36,2016.285827
30.798976,36,2016.745576
31.267781,36,2017.196699
31.267783,36,2017.646931
30.934449,36,2018.115377
30.601116,36,2018.590173
31.156672,36,2019.038111
30.599063,36,2019.504828
30.406672,36,2019.947092
30.87684,36,2020.384949
30.573338,36,2020.863328
30.250366,35,2021.334173
30.073338,36,2021.803074
29.734327,36,2022.255456
28.67054,36,2022.706079
29.484327,36,2023.131366
30.571285,36,2023.61409
30.068655,36,2024.078963
30.187868,36,2024.557118
29.277938,36,2025.033182
31.851116,36,2025.471034
29.354535,35,2025.960318
30.583699,35,2026.413519
29.906672,36,2026.894861
30.872157,36,2027.384294
30.399935,36,2027.855973
30.378894,36,2028.305254
28.726095,36,2028.755425
30.669086,36,2029.220157
31.021201,36,2029.709054
29.705491,35,2030.143452
30.240005,36,2030.608924
28.491928,36,2031.065491
31.406672,36,2067.989463
30.990005,36,2068.482365
30.696864,36,2068.965003
29.998576,35,2069.406494
29.440789,35,2069.805724
29.289883,36,2070.189854
30.323338,36,2070.557693
28.956516,36,2070.953898
29.40842,35,2071.357621
30.707544,36,2071.742779
28.262105,35,2072.121912
28.329945,36,2072.510654
31.29556,36,2072.926009
31.351116,36,2073.328106
28.476095,36,2073.741866
30.404618,36,2074.162988
30.457544,36,2074.537509
28.721412,36,2074.906102
28.618403,36,2075.254549
30.29556,36,2075.643646
29.206548,36,2076.001199
29.095438,36,2076.369683
29.659565,36,2076.73705
30.29556,36,2077.135092
30.701547,36,2077.524641
30.196615,35,2077.886426
31.906672,36,2078.259523
30.849063,36,2078.650615
29.198317,36,2079.029335
30.406672,36,2079.398042
30.184449,36,2079.771517
24.867262,36,2080.129876
29.492898,36,2080.49092
30.073338,36,2080.856591
30.090755,36,2081.223169
30.632313,36,2081.599057
28.380817,36,2081.952353
30.934449,36,2082.356636
30.104535,36,2082.730299
29.734327,36,2083.087291
31.240005,36,2083.467495
25.589484,36,2083.832586
31.128894,36,2084.205899
30.79556,36,2084.580131
28.392762,36,2084.943336
29.944605,36,2085.285524
31.09438,36,2085.64061
28.833363,36,2085.973738
29.373216,36,2086.302035
30.632313,36,2086.623919
30.210174,36,2086.976856
30.101116,36,2087.322824
30.490005,36,2087.686953
30.548979,36,2088.049639
30.351116,36,2088.410707
28.5121,35,2088.720767
28.587206,36,2089.078524
29.126635,36,2116.679862
29.218964,36,2117.08207
28.706889,36,2117.460795
28.892762,36,2117.822583
31.415243,36,2118.197887
30.340435,36,2118.566221
30.811393,36,2118.954303
29.18219,36,2119.295412
29.158595,36,2119.647998
30.79556,36,2120.027207
28.351116,33,2120.340168
30.568655,36,2120.70678
30.687868,36,2121.047262
30.823338,36,2121.416096
30.204965,36,2121.763224
30.465646,36,2122.096328
30.823338,36,2122.432831
29.517783,35,2122.786058
30.323338,36,2123.140958
28.67054,36,2123.511696
30.462227,36,2123.893231
28.797484,36,2124.244021
24.854401,35,2124.596297
30.490005,36,2124.964712
29.246741,36,2125.349326
30.323338,36,2125.736296
30.462227,36,2126.095847
30.715646,36,2126.453074
31.601116,36,2126.807959
28.642762,36,2127.15609
28.928772,36,2127.51613
28.746611,36,2127.873677
29.548454,36,2128.222189
26.200595,36,2128.615441
30.962227,36,2128.989546
30.04556,36,2129.366838
30.712179,36,2129.761986
30.737952,36,2130.130363
26.711363,32,2130.477385
30.41009,36,2130.837891
31.29556,36,2131.216554
31.073338,36,2131.595358
28.905176,36,2131.968451
31.068655,36,2132.338992
25.895039,36,2132.701796
25.533928,36,2133.057692
29.139049,36,2133.426464
31.79556,36,2133.794725
30.851116,36,2134.17329
28.178772,35,2134.528128
29.25016,36,2134.902125
29.857853,36,2135.280831
30.04556,36,2135.686528
31.017783,36,2136.080777
29.191056,36,2136.458472
29.17068,35,2136.830767
31.288299,36,2137.238479
29.059428,36,2168.983084
28.976095,36,2169.480267
30.540877,36,2170.014407
31.934449,36,2170.889865
31.906672,36,2171.292371
28.873555,36,2171.71112
30.851116,36,2172.114417
31.04556,36,2172.532633
28.468964,35,2173.02322
29.659565,36,2173.455438
29.147151,36,2173.924883
28.595438,35,2174.379596
30.601116,36,2174.86616
23.794614,30,2175.253867
30.075072,36,2175.70904
29.043301,36,2176.192652
31.29556,36,2176.696244
29.468964,36,2177.157464
24.581655,29,2177.557842
31.212227,36,2178.0177
30.740005,36,2178.473716
30.684373,36,2178.928062
27.906672,33,2179.352369
28.112513,34,2179.816522
31.017783,36,2180.291124
31.823338,36,2180.775621
29.715121,36,2181.238101
25.348055,36,2181.686949
31.156672,36,2182.151951
29.191056,36,2182.60192
30.365124,36,2183.053372
31.101116,36,2183.503933
31.323229,35,2183.96206
31.128894,36,2184.430642
29.970798,35,2184.895669
29.484327,36,2185.368496
31.406672,36,2185.82397
23.266836,30,2186.187109
29.179111,36,2186.662405
26.867262,36,2187.117947
26.13435,36,2187.572641
28.67054,36,2188.031061
31.316076,36,2188.520845
25.296343,36,2188.975796
28.698317,36,2189.425703
29.458283,36,2189.89554
31.128894,36,2190.348586
29.312977,36,2190.81202
30.983269,36,2191.279871
30.156672,36,2191.761886
30.737952,36,2192.2436
31.017768,36,2192.70733
30.906672,36,2193.205329
26.17068,31,2193.599033
31.878894,36,2194.068858
30.378894,36,2194.540466
29.812658,35,2194.976123
29.770676,36,2195.420626
26.117262,36,2195.886563
21.1355,28,2196.244561
31.490005,36,2196.733637
28.769706,36,2197.172287
29.333493,36,2233.509696
29.597172,36,2234.059094
29.748576,35,2234.557952
25.145039,36,2235.067753
31.878894,36,2235.516074
30.340435,36,2235.980574
30.776354,36,2236.447146
18.73914,22,2236.715168
30.990005,36,2237.151848
30.698229,36,2237.60845
26.478373,36,2238.053088
29.456549,36,2238.505031
31.906672,36,2238.944787
26.589475,36,2239.394297
29.873216,36,2239.86879
30.677713,36,2240.334116
8.683798,10,2240.45583
29.35401,36,2240.889871
31.934449,36,2241.331427
30.767783,36,2241.810819
29.345438,36,2242.24575
31.240005,36,2242.716064
30.823338,36,2243.177733
30.573338,36,2243.64674
31.128894,36,2244.126343
31.229324,36,2244.575402
28.753873,36,2245.05367
31.906672,36,2245.514574
27.91316,35,2245.966101
31.128894,36,2246.367298
30.79556,36,2246.820632
29.73983,34,2247.218184
31.351101,36,2247.675352
29.900994,36,2248.134044
25.5425,36,2248.570016
29.702706,36,2249.025282
31.851116,36,2249.486761
29.452706,36,2249.943479
30.795554,36,2250.400023
30.354535,36,2250.827691
29.693021,35,2251.273878
28.198241,35,2251.681286
31.04556,36,2252.142558
30.724641,36,2252.554194
31.101116,36,2253.022023
30.684449,36,2253.47957
25.557863,36,2253.925158
31.267783,36,2254.374423
28.67054,36,2254.822214
31.878894,36,2255.291618
31.187868,36,2255.756485
29.697148,35,2256.242562
31.937868,36,2256.72113
31.851116,36,2257.194857
29.312977,36,2257.61422
31.019516,36,2258.065316
29.098857,36,2258.496755
29.915243,36,2258.945406
31.906672,36,2292.982521
31.240005,36,2293.547796
30.156672,36,2294.090904
29.951866,36,2294.557085
31.156672,36,2294.99686
30.628894,36,2295.396752
30.599063,36,2295.798374
29.095438,36,2296.169861
28.825261,36,2296.562964
30.31766,36,2296.942373
30.679766,36,2297.325466
26.500567,36,2297.694013
30.963593,36,2298.086229
31.628894,36,2298.466522
25.490005,30,2298.77772
28.559428,36,2299.177578
30.387465,36,2299.540394
28.908595,36,2299.89145
29.26068,35,2300.250994
31.934449,36,2300.658226
31.212227,36,2301.035689
31.427188,36,2301.440787
29.052167,36,2301.821639
31.906672,36,2302.220909
28.25016,35,2302.581671
22.86412,29,2302.886928
26.023248,36,2303.245524
28.524389,36,2303.6276
30.267783,36,2304.002171
30.428772,36,2304.407936
28.753873,36,2304.77547
29.291616,36,2305.115039
30.394727,36,2305.476873
30.498576,36,2305.818121
30.590435,36,2306.195763
28.222253,36,2306.539773
30.413189,36,2306.875572
29.336912,36,2307.228964
31.211978,36,2307.63312
24.647542,35,2307.965893
30.468888,36,2308.299169
31.073338,36,2308.658453
28.996611,36,2309.000973
30.793507,36,2309.33858
29.496741,36,2309.694487
32.041711,36,2310.0736
29.033384,36,2310.453414
28.698317,36,2310.796219
30.656672,36,2311.187415
29.459968,36,2311.527926
30.934449,36,2311.899666
31.378894,36,2312.2516
30.54556,36,2312.616248
30.434449,36,2312.947294
29.1355,36,2313.30789
31.54556,36,2313.691694
25.731792,36,2314.061744
26.114363,35,2314.426177
30.517783,36,2345.371997
29.032621,36,2345.872294
29.687343,36,2346.384373
31.906672,36,2346.855414
29.218964,36,2347.298073
31.104535,36,2347.717458
30.793507,36,2348.172831
30.930497,36,2348.560073
29.805716,36,2348.971095
28.573208,36,2349.378799
26.570277,36,2349.790641
29.321079,36,2350.232345
29.486061,36,2350.649322
29.437343,36,2351.082554
31.343854,36,2351.517891
25.786396,35,2351.933119
30.715646,36,2352.355582
30.601116,36,2352.806471
29.025789,35,2353.22671
29.848857,36,2353.657866
29.206549,36,2354.091794
30.851116,36,2354.524119
31.982743,36,2354.962075
29.409565,36,2355.401946
28.734666,36,2355.841371
25.47453,36,2356.280813
29.900994,36,2356.735976
31.798979,36,2357.197772
29.678772,36,2357.652952
28.878894,34,2358.084188
30.878894,36,2358.494131
29.979644,36,2358.915915
31.932396,36,2359.374776
20.281791,24,2359.671774
31.906672,36,2360.086011
30.430606,36,2360.524446
30.684449,36,2360.976617
28.746611,36,2361.433377
28.579944,36,2361.893844
28.935913,35,2362.360889
29.566076,35,2362.812499
30.957544,36,2363.276877
26.526667,36,2363.724889
25.499414,36,2364.174978
26.36,36,2364.603249
30.651989,36,2365.049594
31.632313,36,2365.473723
31.267783,36,2365.922992
31.573338,36,2366.381495
29.631787,36,2366.833315
31.684449,36,2367.308572
25.502308,36,2367.767458
30.340435,36,2368.231393
29.451951,35,2368.676166
30.517783,36,2369.134208
31.811393,36,2369.612664
29.548454,36,2370.058413
29.222382,36,2403.266973
31.01394,35,2403.748279
30.017783,35,2404.183076
22.482544,30,2404.542478
28.790222,36,2404.964358
29.365954,36,2405.364357
26.197277,36,2405.758352
25.758653,35,2406.16253
30.962227,36,2406.55324
31.851116,36,2406.958613
26.147488,35,2407.341871
29.477065,36,2407.72279
22.345792,27,2408.028361
26.112579,36,2408.399983
31.906672,36,2408.798267
30.490005,36,2409.221644
26.506136,36,2409.607523
26.367262,36,2410.00396
31.265729,36,2410.408893
30.326757,36,2410.781625
23.975231,30,2411.107384
31.89941,36,2411.511516
30.905807,36,2411.912375
29.465121,36,2412.308922
31.493424,36,2412.700011
30.601116,35,2413.079808
31.104535,36,2413.496806
31.927188,36,2413.877614
25.617262,36,2414.268577
31.906672,36,2414.687037
26.845438,32,2415.037575
29.047484,36,2415.433091
31.212227,36,2415.857762
31.700282,36,2416.320177
31.934449,36,2416.768257
30.960174,36,2417.222876
30.878894,36,2417.608718
30.759257,36,2418.03641
26.11,36,2418.441069
31.017783,36,2418.890648
28.865954,36,2419.320398
31.919086,36,2419.716658
31.958384,36,2420.132228
31.323338,36,2420.547303
31.145252,36,2420.966189
31.29556,36,2421.384208
23.405725,30,2421.755342
29.003873,36,2422.173728
30.573338,36,2422.572284
31.684435,36,2423.014304
30.822438,36,2423.420084
28.179111,35,2423.820195
29.490005,35,2424.255342
26.117262,36,2424.696799
28.595778,36,2425.099495
27.219725,32,2425.58711
28.929111,36,2426.0094
29.218833,36,2426.404783
30.069394,36,2426.822241
31.878894,36,2427.247492
30.673769,36,2427.715187
30.517749,35,2428.15316
29.576232,36,2428.619697
30.771201,36,2462.960642
31.406672,36,2463.51214
30.740005,36,2464.061906
29.402728,36,2464.54776
31.79556,36,2465.019114
29.468833,36,2465.48097
28.769706,36,2465.897759
30.289883,36,2466.312685
26.006151,36,2466.676213
29.291616,36,2467.05701
29.18219,36,2467.465069
31.073338,36,2467.857479
30.334758,36,2468.240877
31.851116,36,2468.635385
30.53488,36,2469.02868
31.906672,36,2469.43963
26.476235,31,2469.752103
26.49547,36,2470.141439
31.878894,36,2470.538082
23.71128,30,2470.86301
29.17054,36,2471.263295
30.79556,36,2471.651011
26.395039,36,2472.044113
30.632313,36,2472.434947
23.572391,30,2472.751508
30.957544,36,2473.16174
31.391308,36,2473.555507
28.531644,36,2473.942363
29.282621,36,2474.325208
31.156672,36,2474.723058
29.490005,35,2475.144631
31.684449,36,2475.548946
31.28488,36,2475.973316
31.156672,36,2476.405472
28.607723,36,2476.819097
29.143732,36,2477.2172
29.902728,36,2477.621154
29.348857,36,2478.012235
30.043301,36,2478.418504
30.101116,36,2478.863691
24.837346,30,2479.201678
31.823338,36,2479.602128
30.986162,36,2480.043713
30.874211,36,2480.459969
28.825261,36,2480.873336
30.628894,36,2481.285496
11.918691,14,2481.436875
25.196752,36,2481.85711
30.906672,36,2482.27204
31.351116,36,2482.693332
26.561597,36,2483.077456
30.687868,36,2483.503879
23.627947,30,2483.840742
31.990005,36,2484.275217
30.548979,36,2484.703055
31.780197,36,2485.175694
31.923769,36,2485.617315
31.041717,36,2486.089376
29.62495,36,2518.084484
31.878894,36,2518.614922
30.962227,36,2519.094614
31.656672,36,2519.59224
31.902829,36,2520.091916
31.240005,36,2520.588905
29.28604,36,2521.045151
30.962227,36,2521.487937
29.451866,36,2521.906195
26.839484,36,2522.304734
28.837206,36,2522.708974
23.962326,30,2523.055051
29.258262,36,2523.473603
31.823338,36,2523.88679
31.349063,36,2524.345044
30.039883,36,2524.808549
30.373216,36,2525.253702
30.632313,36,2525.732769
31.29556,36,2526.197855
31.021201,36,2526.671779
30.793507,36,2527.145709
25.080507,35,2527.587778
31.906672,36,2528.019011
29.151333,36,2528.450996
29.345778,36,2528.878414
31.874211,36,2529.352287
31.017783,36,2529.828683
29.413408,36,2530.34155
26.573338,32,2530.746934
31.083699,36,2531.241795
30.489698,34,2531.724485
30.382313,36,2532.195592
31.041717,36,2532.694386
29.373216,36,2533.150182
29.060399,36,2533.608571
30.593854,36,2534.045829
29.337206,36,2534.494039
31.986162,36,2534.935247
31.906672,36,2535.345349
31.790877,36,2535.794154
30.097273,36,2536.16973
26.36,36,2536.553948
29.111141,36,2536.950865
30.573338,36,2537.383057
29.851116,35,2537.812778
29.229514,36,2538.219551
25.950595,36,2538.617436
28.956549,36,2539.067624
29.3855,36,2539.45781
29.56766,36,2539.837068
31.434449,36,2540.287757
29.00003,36,2540.698926
29.524519,36,2541.102838
31.982743,36,2541.513222
29.512105,36,2541.940896
26.961363,32,2542.338042
31.927188,36,2542.747273
29.178772,36,2571.832652
31.823338,36,2572.262423
31.656672,36,2572.695421
31.073305,36,2573.071073
26.895039,36,2573.429683
31.458384,36,2573.781211
26.301026,36,2574.158676
29.0352,35,2574.499897
29.199288,36,2574.897157
31.378894,36,2575.266967
31.29556,36,2575.696619
24.475231,31,2576.031793
29.575301,35,2576.394456
31.087346,36,2576.783227
28.698317,36,2577.16701
30.708384,35,2577.526605
31.950282,36,2577.919701
29.123216,36,2578.280705
29.42151,36,2578.651365
30.576757,36,2579.036151
31.816076,36,2579.422426
30.990005,36,2579.797778
31.573338,36,2580.18927
31.240005,36,2580.583661
26.036322,35,2580.946345
30.814812,36,2581.320637
30.351116,36,2581.689035
29.456549,36,2582.079494
30.871632,36,2582.439294
31.767783,36,2582.833382
30.776354,36,2583.193083
31.184448,35,2583.584863
31.906672,36,2583.963177
31.823338,36,2584.352793
31.156672,36,2584.779017
26.450519,36,2585.177685
30.628894,36,2585.581339
31.79556,36,2585.99005
31.812658,36,2586.422311
31.316602,36,2586.827952
26.700595,36,2587.236078
29.595438,36,2587.611135
18.656672,22,2587.831739
28.93219,36,2588.209926
29.789883,36,2588.611864
30.712227,36,2589.019829
30.715646,36,2589.428103
31.906672,36,2589.828283
21.181777,28,2590.141697
29.541616,36,2590.550955
29.595438,36,2590.923613
31.220798,36,2591.336449
30.521201,36,2591.739569
31.79556,36,2592.104663
28.853039,36,2592.511888
30.712227,36,2592.890659
31.982743,36,2593.295445
29.400994,36,2593.675456
26.645039,36,2628.600955
29.17151,36,2629.119514
31.220798,35,2629.646179
32.037034,36,2630.192492
31.878894,36,2630.711669
26.756075,36,2631.176496
26.607947,36,2631.615939
31.267783,36,2632.065852
30.632283,36,2632.607512
31.954965,36,2633.094982
31.906672,36,2633.524112
19.772843,26,2633.862638
31.851116,36,2634.369946
29.031651,36,2634.845266
31.878894,36,2635.28012
25.978741,35,2635.687292
28.900994,36,2636.148677
31.851116,36,2636.615495
31.604535,36,2637.097429
30.331909,35,2637.534032
31.017598,35,2637.99898
31.823338,36,2638.430403
31.878894,36,2638.947681
29.005607,36,2639.440668
28.92054,35,2639.865869
31.906672,36,2640.378948
31.470798,36,2640.841658
26.561706,36,2641.31792
30.78488,36,2641.806193
30.788299,36,2642.263509
30.039883,36,2642.707891
29.373555,36,2643.20018
29.325261,36,2643.683635
31.849063,36,2644.239765
26.700595,36,2644.765612
30.240005,36,2645.353512
28.17054,35,2645.811573
28.734666,36,2646.295781
31.823338,36,2646.809697
29.487746,35,2647.258014
28.623555,36,2647.746902
31.16009,36,2648.222271
31.895991,36,2648.724087
29.845438,36,2649.180926
30.260521,36,2649.692807
26.466428,36,2650.162424
29.512105,36,2650.563628
31.04556,36,2651.018605
30.950808,36,2651.488444
24.11412,31,2651.89763
31.954965,36,2652.44326
31.130628,35,2652.93416
28.701736,36,2653.403691
26.478373,36,2653.880402
30.128721,36,2654.380686
26.617262,36,2654.808263
29.262105,36,2655.236706
30.85111,35,2655.625796
31.982743,36,2685.239099
32.002419,36,2685.669884
30.288299,36,2686.046121
25.11412,32,2686.352377
31.28488,36,2686.72519
31.906672,36,2687.092357
27.077539,36,2687.437417
31.906672,36,2687.806463
29.334758,36,2688.170514
30.351116,36,2688.510985
29.17151,36,2688.864686
31.271201,36,2689.240965
31.323338,36,2689.589082
29.226095,36,2689.960591
29.218833,36,2690.321656
31.927188,36,2690.70068
32.03488,36,2691.059819
29.840755,36,2691.380307
31.465646,36,2691.75643
31.923769,36,2692.113667
31.989957,36,2692.47526
28.802167,36,2692.835599
29.147151,36,2693.227551
20.37598,24,2693.48622
29.186373,36,2693.852316
31.823338,36,2694.218405
31.156657,36,2694.584436
31.906672,36,2694.965353
31.406672,36,2695.352004
31.656672,36,2695.718159
28.468834,36,2696.074065
29.016913,34,2696.444995
29.736061,36,2696.800616
30.962227,36,2697.202834
29.401333,36,2697.590504
31.210963,36,2697.945087
30.465646,36,2698.337295
29.373216,36,2698.707759
24.156672,28,2699.006239
28.559428,36,2699.375952
31.906672,36,2699.738954
26.369765,35,2700.085575
30.993424,36,2700.46733
31.074892,35,2700.862632
30.351116,35,2701.224681
31.906672,36,2701.608526
31.054132,36,2701.973166
29.402728,36,2702.350584
30.760521,36,2702.754653
31.906672,36,2703.162978
31.101116,36,2703.54552
26.006151,36,2703.909784
29.763839,36,2704.268814
22.738182,29,2704.583557
31.593854,36,2704.981196
26.286355,35,2705.339846
31.470798,36,2705.799062
30.573338,36,2706.219237
31.811393,36,2706.604912
30.150994,36,2707.031724
29.93219,36,2707.407283
30.140313,36,2707.796638
29.81766,36,2708.183226
29.290222,36,2776.781628
30.0352,36,2777.034949
29.539883,36,2777.276205
31.823338,36,2777.481865
31.212227,36,2777.730708
28.901333,36,2777.941901
31.076757,36,2778.177648
31.878894,36,2778.427495
16.425978,20,2778.558633
31.04556,36,2778.795315
25.198415,35,2779.015482
30.075173,35,2779.244678
30.573338,36,2779.437824
30.069394,36,2779.674032
29.246611,36,2779.878714
31.878894,36,2780.080867
31.963593,36,2780.317546
31.878894,36,2780.57537
30.849063,36,2780.829137
28.92054,36,2781.078826
29.290222,36,2781.288481
31.03488,36,2781.526189
29.262444,36,2781.747934
29.37495,36,2781.977622
29.302297,36,2782.205353
31.089697,35,2782.440071
31.462227,36,2782.66024
30.950808,36,2782.883414
28.651333,35,2783.123099
31.760521,36,2783.35078
31.130628,35,2783.586455
31.851116,36,2783.80013
31.878894,36,2784.040905
29.142762,36,2784.274639
29.318,36,2784.525512
31.5131,36,2784.744212
29.85401,36,2784.951878
31.851116,36,2785.181582
31.637465,36,2785.431345
31.12684,36,2785.673171
31.906672,36,2785.903923
31.79556,36,2786.153143
28.790222,36,2786.389378
31.451547,36,2786.621151
29.345778,36,2786.835837
29.047484,36,2787.040503
26.561706,36,2787.268193
31.155407,36,2787.467861
30.867474,35,2787.722622
30.434449,36,2787.984434
29.401333,36,2788.228183
29.791616,36,2788.500597
31.906672,36,2788.775987
31.906672,36,2789.071885
29.393732,36,2789.343694
31.267783,36,2789.601532
28.901333,36,2789.877891
29.468964,36,2790.137154
31.378894,36,2790.394951
29.345778,36,2790.64921
31.229324,36,2790.917078
31.54556,36,2791.170321
31.934449,36,2791.447172
30.234327,36,2791.715935
31.906672,36,2791.969674
31.212227,36,2792.229952
29.345438,36,2792.48216
31.156672,36,2792.757996
29.040222,36,2793.011753
31.266518,36,2793.268506
26.258654,35,2793.49575
31.906672,36,2793.736025
31.125051,36,2793.990822
32.005838,36,2794.252551
31.878894,36,2794.495806
26.450595,36,2794.75816
31.434449,36,2795.048085
31.927188,36,2795.30192
32.033616,36,2795.53565
31.173769,36,2795.790374
29.845438,36,2796.008593
32.017735,36,2796.268358
29.539883,36,2796.496543
31.97806,36,2796.735768
26.783928,36,2796.936931
31.276354,36,2797.163119
31.684449,36,2797.387298
30.378894,36,2797.653206
31.823338,36,2797.904304
30.66009,36,2798.142554
26.466953,36,2798.359269
30.029202,36,2798.565435
25.117711,35,2798.798204
31.878894,36,2799.004882
30.632313,36,2799.252702
28.679111,36,2799.471458
30.373216,36,2799.672617
31.871632,36,2799.882314
29.318,36,2800.123609
30.062977,36,2800.371428
26.811706,36,2800.608659
26.158635,30,2800.816011
31.267783,36,2801.070291
30.793507,36,2801.308589
29.569394,36,2801.556869
31.326757,36,2801.824204
31.326757,36,2802.059891
31.823338,36,2802.28707
31.878894,36,2802.527287
31.823338,36,2802.783102
28.941056,36,2803.0088
31.851116,36,2803.266607
29.892902,35,2803.500944
30.267783,36,2803.751739
29.060399,35,2803.985092
26.776667,36,2804.235873
31.878894,36,2804.44904
29.729644,36,2804.665211
23.905725,30,2804.836346
28.651333,35,2805.072973
30.373216,36,2805.315213
31.128894,36,2805.537385
29.114984,36,2805.764599
31.878894,36,2805.98377
30.658405,36,2806.240973
29.318,36,2806.479742
30.645252,36,2806.717426
29.998576,35,2806.962121
30.262105,36,2807.181798
30.0352,36,2807.408998
29.309428,36,2807.637279
26.783928,36,2807.869042
29.956549,36,2808.070205
31.321285,36,2808.309393
30.645252,36,2808.543133
30.573338,36,2808.771406
28.949288,35,2808.987138
30.376635,36,2809.202308
31.79556,36,2809.457067
31.406672,36,2809.693769
31.16009,36,2809.902431
26.663502,36,2810.116808
29.468964,36,2810.323474
31.878894,36,2810.560683
30.31766,36,2810.78688
31.79556,36,2811.031682
31.101116,36,2811.254875
29.541616,36,2811.490119
26.447412,31,2811.703787
28.936373,36,2811.949007
28.698317,36,2812.188186
31.906672,36,2812.408865
26.783928,36,2812.639055
29.513839,36,2812.868229
30.665243,36,2813.121947
31.878894,36,2813.374173
31.517783,36,2813.623935
30.943021,36,2813.850607
31.97806,36,2814.081282
29.763839,36,2814.319965
31.007102,36,2814.545136
31.851116,36,2814.756798
29.56766,36,2814.952953
28.811162,36,2815.180146
31.878894,36,2815.431884
31.406672,36,2815.673575
31.906672,36,2815.897784
31.490005,36,2816.12249
31.954965,36,2816.365701
29.736061,36,2816.603391
25.922817,36,2816.855095
31.79556,36,2817.10039
29.311162,36,2817.343591
30.334758,36,2817.579346
25.905995,34,2817.784505
30.92303,36,2818.024754
31.906672,36,2818.257461
31.240005,36,2818.504829
31.906672,36,2818.738521
31.204965,36,2818.957698
31.212227,36,2819.207903
26.311706,36,2819.437636
26.064059,30,2819.622293
26.561706,36,2819.825453
31.878894,36,2820.067683
29.095778,36,2820.334065
31.404618,36,2820.576804
29.262444,36,2820.821512
30.012105,36,2821.087224
29.646311,36,2821.310902
29.928772,36,2821.545646
31.293507,36,2821.770876
31.378894,36,2822.025713
26.756151,36,2822.284417
29.262105,36,2822.496083
26.783928,36,2822.730797
31.298979,36,2822.960466
29.114984,36,2823.218151
29.984327,36,2823.437309
30.867474,36,2823.666978
31.906672,36,2823.904072
31.906672,36,2824.176818
31.621632,36,2824.391502
31.443021,36,2824.695832
29.612536,36,2824.935014
31.375051,35,2825.17119
29.290222,36,2825.406367
29.680505,36,2825.628049
31.321285,36,2825.901319
31.906672,36,2826.153126
31.878894,36,2826.371296
31.97806,36,2826.624577
31.378894,36,2826.876307
29.810399,36,2827.125578
31.212227,36,2827.360827
29.569394,36,2827.600591
31.878894,36,2827.818252
31.906672,36,2828.056458
31.823338,36,2828.286683
26.783928,36,2828.515366
31.034141,35,2828.773574
28.547524,34,2829.014261
31.621632,36,2829.23246
30.677188,36,2829.47679
31.986162,36,2829.731585
31.878894,36,2829.940245
29.646311,36,2830.18608
29.047484,36,2830.423307
31.851116,36,2830.678102
30.338176,36,2830.890775
31.79556,36,2831.146518
28.706889,36,2831.361683
31.581909,36,2831.592868
30.41009,34,2831.840749
32.007102,36,2832.105589
30.765729,36,2832.332265
29.965121,36,2832.532426
29.819394,36,2832.74513
29.114984,36,2832.977821
31.878894,36,2833.210006
27.81766,34,2833.44019
30.007422,36,2833.663868
30.687868,36,2833.918068
30.482743,35,2834.152252
31.906672,36,2834.408556
30.424929,36,2834.652325
29.318,36,2834.900012
31.906672,36,2835.170776
30.418091,36,2835.435501
31.906672,36,2835.676683
26.839484,36,2835.894377
26.811706,36,2836.149129
31.906672,36,2836.391357
31.906672,36,2836.653643
30.297294,36,2836.890328
29.484327,36,2837.128513
30.979324,36,2837.370191
29.729644,36,2837.621382
31.132313,36,2837.876074
26.811706,36,2838.110783
29.318,36,2838.335958
30.906672,36,2838.578213
31.878894,36,2838.824513
28.651333,36,2839.073209
31.878894,36,2839.330954
29.956549,36,2839.591174
29.290222,36,2839.848379
29.746741,36,2840.084658
31.229324,36,2840.328344
31.851116,36,2840.550018
31.97806,36,2840.80526
29.059428,36,2841.04445
29.21415,36,2841.275134
31.156672,36,2841.512835
31.298979,36,2841.766542
30.934449,36,2841.984725
26.811706,36,2842.231943
31.927188,36,2842.487781
31.256363,36,2842.717966
31.368213,35,2842.991215
31.954965,36,2843.242417
31.851116,36,2843.503176
26.811706,36,2843.747912
31.878894,36,2844.002622
31.878894,36,2844.2268
31.906672,36,2844.471487
26.600252,31,2844.660632
31.906672,36,2844.883314
26.839484,36,2845.135068
30.093854,36,2845.351235
31.075072,35,2845.593422
31.906672,36,2845.819092
29.729644,36,2846.052275
31.54556,36,2846.282751
29.318,36,2846.536981
31.878894,36,2846.76665
31.101116,36,2847.008829
29.512444,36,2847.244523
30.42151,36,2847.501838
31.906672,36,2847.765584
31.152829,35,2848.008847
30.998576,36,2848.239048
31.906672,36,2848.475235
31.927188,36,2848.724499
29.191056,36,2848.973215
31.878894,36,2849.232984
31.823338,36,2849.500681
31.878894,36,2849.76142
32.009257,36,2850.027273
29.674089,36,2850.28947
29.484666,36,2850.535689
31.878894,36,2850.787455
32.005838,36,2851.037672
30.282621,36,2851.290968
31.387465,36,2851.543293
31.823338,36,2851.802644
31.906672,36,2852.077902
31.878894,36,2852.335681
31.930606,36,2852.590884
31.128894,36,2852.85662
26.867262,36,2853.099869
31.128894,36,2853.378592
28.880817,36,2853.619284
31.878894,36,2853.88308
31.017783,36,2854.15132
31.406672,36,2854.383012
31.331909,36,2854.649843
32.045513,36,2854.911118
31.878894,36,2855.17437
30.878894,36,2855.437218
30.950808,36,2855.696435
29.539883,36,2855.933131
31.331909,36,2856.205881
29.191056,36,2856.437554
31.450808,36,2856.680737
30.362536,36,2856.928428
30.510521,35,2857.173115
30.156672,36,2857.418306
29.742898,36,2857.657013
31.823338,36,2857.908706
30.289883,36,2858.143902
25.905995,34,2858.352566
29.979644,36,2858.591256
29.590755,36,2858.822456
29.984327,36,2859.067638
26.756151,36,2859.318434
28.837206,36,2859.565681
29.218833,36,2859.811378
28.857722,36,2860.061579
31.628894,36,2860.311279
32.005838,36,2860.553982
29.206889,36,2860.803679
30.92303,36,2861.082402
26.156114,35,2861.306588
28.873216,36,2861.576513
31.609687,36,2861.83224
29.347172,36,2862.085952
30.007422,36,2862.319639
30.540877,36,2862.547829
31.117474,36,2862.782026
30.150994,36,2863.042822
31.934449,36,2863.315661
29.059428,36,2863.569883
30.373216,36,2863.806083
30.121632,36,2864.051289
31.878894,36,2864.291487
31.878894,36,2864.535198
29.262444,36,2864.78594
29.218833,36,2865.01864
26.756151,36,2865.272362
29.312977,36,2865.513563
25.422817,36,2865.774396
29.969908,36,2866.012589
29.151333,36,2866.257281
31.851116,36,2866.481457
31.851116,36,2866.735264
30.288299,36,2866.978555
29.253873,36,2867.224753
26.311706,36,2867.464456
29.729644,36,2867.724705
31.851116,36,2867.982005
31.326757,36,2868.253752
31.851116,36,2868.481426
28.837206,36,2868.738136
29.763839,36,2868.987359
29.008262,35,2869.230613
28.873555,36,2869.469306
30.003785,35,2869.691478
31.878894,36,2869.930675
31.962227,36,2870.164379
29.274389,36,2870.396057
28.734666,36,2870.63785
30.866949,36,2870.895192
31.871632,36,2871.159942
26.256151,36,2871.400164
30.993424,36,2871.64837
29.37495,36,2871.887566
31.267783,36,2872.149302
31.609687,36,2872.392009
26.530085,36,2872.64427
31.878894,36,2872.876957
31.906672,36,2873.121653
28.845778,36,2873.363357
26.839484,36,2873.595046
30.993424,36,2873.821723
31.906672,36,2874.067567
29.674089,36,2874.295256
31.125051,36,2874.542507
26.211669,35,2874.796275
31.906672,36,2875.048558
31.311919,36,2875.321793
31.906672,36,2875.572004
30.950808,36,2875.812207
29.142762,36,2876.041897
31.740005,36,2876.292105
30.373216,36,2876.515307
26.811706,36,2876.760077
29.262444,36,2876.987766
31.621632,36,2877.246568
31.97806,36,2877.493275
31.851116,36,2877.744489
31.878894,36,2877.981697
31.878894,36,2878.217386
31.906672,36,2878.476594
29.996741,36,2878.726794
29.456889,36,2878.982598
31.906672,36,2879.229821
26.811706,36,2879.469021
29.368533,36,2879.711755
30.434449,36,2879.967492
31.906672,36,2880.217195
30.573338,36,2880.463399
30.950808,36,2880.713184
31.267783,36,2880.986002
30.31766,36,2881.226192
29.191056,36,2881.464426
31.29556,36,2881.732137
31.906672,36,2881.97186
31.434449,36,2882.208576
27.423958,34,2882.440261
31.128894,35,2882.665447
29.597172,36,2882.909631
31.075072,35,2883.176887
31.906672,36,2883.426646
31.79556,36,2883.687373
30.373216,36,2883.940144
29.373555,36,2884.209463
31.954965,36,2884.444657
31.906672,36,2884.730466
31.851116,36,2884.989188
31.323338,36,2885.257549
31.154618,36,2885.506259
31.79556,36,2885.761992
26.867262,36,2885.99669
25.145489,35,2886.273459
31.677188,36,2886.512656
31.257102,36,2886.780544
30.673769,36,2887.003232
29.179111,36,2887.269959
31.954965,36,2887.50416
26.919635,32,2887.714908
30.85285,36,2887.967245
30.482743,35,2888.219956
31.97806,36,2888.473676
31.990005,36,2888.710372
28.790222,36,2888.945575
29.218833,36,2889.173289
31.878894,36,2889.409981
31.878894,36,2889.669694
29.114984,36,2889.913469
26.839484,36,2890.169774
31.79556,36,2890.421625
29.413278,36,2890.686356
31.100216,35,2890.927617
30.482743,35,2891.167361
31.201547,36,2891.401088
31.404618,36,2891.670958
30.684449,36,2891.924193
28.706889,36,2892.171459
31.208384,35,2892.39914
30.451547,36,2892.657456
26.811706,36,2892.88415
30.506363,36,2893.123347
30.804132,36,2893.357542
30.821285,36,2893.61475
31.677188,36,2893.846441
31.465646,36,2894.109299
26.867262,36,2894.353
31.340435,36,2894.623296
29.373555,36,2894.878509
30.373216,36,2895.114743
29.998576,35,2895.343509
32.005838,36,2895.610233
29.393732,36,2895.87553
28.873555,36,2896.117751
29.486061,36,2896.361458
31.878894,36,2896.612662
26.395039,36,2896.866919
29.984327,36,2897.1006
29.318,36,2897.361359
31.851116,36,2914.949325
31.906672,36,2916.292795
29.674089,36,2917.573515
30.313817,36,2918.838009
32.005838,36,2920.130549
32.005838,36,2921.404556
31.677188,36,2922.68242
26.811706,36,2923.920693
32.01394,36,2925.293758
31.823338,36,2926.598854
